,HTotalScore
0,218.0
2,253.0
3,209.0
4,237.0
6,231.0
7,247.0
8,234.0
9,198.0
11,209.0
12,233.0
13,227.0
14,250.0
15,210.0
16,257.0
17,212.0
18,215.0
19,218.0
20,193.0
21,240.0
22,216.0
23,233.0
24,248.0
25,227.0
26,235.0
27,222.0
28,219.0
29,181.0
30,222.0
31,227.0
32,241.0
33,225.0
34,193.0
35,197.0
36,240.0
37,222.0
38,233.0
39,286.0
40,217.0
41,227.0
42,228.0
43,241.0
44,218.0
45,193.0
46,208.0
47,183.0
48,201.0
49,263.0
50,210.0
51,201.0
52,176.0
53,209.0
54,189.0
55,221.0
56,222.0
57,239.0
58,212.0
60,187.0
61,196.0
62,208.0
63,236.0
64,207.0
65,239.0
66,245.0
67,226.0
68,242.0
69,259.0
70,202.0
71,233.0
73,239.0
74,221.0
75,243.0
76,213.0
77,208.0
78,240.0
79,234.0
80,186.0
81,219.0
82,240.0
83,226.0
84,239.0
85,186.0
86,219.0
87,196.0
89,221.0
90,212.0
91,245.0
92,221.0
93,212.0
94,199.0
95,277.0
96,238.0
97,252.0
98,231.0
99,241.0
100,227.0
101,184.0
102,252.0
103,223.0
104,215.0
106,222.0
107,232.0
108,225.0
109,249.0
110,228.0
111,190.0
112,267.0
113,218.0
114,210.0
115,242.0
116,190.0
117,247.0
118,218.0
119,224.0
120,252.0
121,245.0
122,182.0
123,211.0
124,222.0
125,184.0
126,203.0
127,206.0
128,197.0
129,192.0
130,220.0
131,223.0
132,249.0
133,235.0
134,238.0
135,204.0
136,199.0
137,217.0
138,214.0
139,271.0
140,197.0
141,211.0
142,225.0
143,225.0
144,227.0
145,258.0
146,218.0
147,233.0
148,198.0
149,214.0
150,219.0
151,221.0
152,209.0
153,207.0
154,221.0
155,252.0
157,208.0
158,237.0
159,210.0
160,220.0
161,218.0
162,194.0
163,229.0
164,180.0
165,218.0
166,214.0
167,251.0
168,205.0
169,248.0
170,245.0
171,228.0
172,212.0
173,220.0
174,175.0
175,229.0
176,209.0
177,220.0
178,220.0
179,238.0
180,282.0
181,220.0
182,212.0
183,236.0
184,193.0
185,226.0
186,213.0
187,223.0
188,219.0
189,247.0
190,233.0
191,238.0
192,205.0
193,238.0
194,214.0
195,232.0
196,256.0
197,197.0
198,239.0
199,182.0
200,252.0
201,191.0
202,241.0
203,224.0
204,230.0
205,232.0
206,235.0
207,244.0
208,209.0
209,244.0
210,211.0
211,229.0
212,222.0
213,183.0
214,222.0
215,223.0
216,230.0
217,223.0
218,238.0
219,243.0
220,225.0
221,247.0
223,195.0
224,202.0
225,260.0
226,222.0
227,229.0
228,234.0
229,191.0
230,230.0
231,228.0
232,213.0
233,199.0
234,216.0
235,223.0
236,220.0
237,199.0
238,205.0
240,207.0
241,213.0
242,212.0
243,257.0
244,183.0
245,272.0
247,228.0
248,250.0
249,221.0
250,216.0
251,191.0
252,240.0
253,245.0
254,216.0
255,209.0
256,209.0
257,238.0
258,241.0
259,245.0
260,229.0
261,213.0
263,217.0
264,295.0
265,206.0
266,212.0
267,198.0
268,217.0
269,250.0
270,240.0
271,227.0
272,242.0
273,235.0
275,218.0
276,250.0
277,231.0
278,222.0
279,253.0
280,238.0
281,229.0
282,210.0
284,203.0
285,240.0
286,224.0
287,191.0
288,227.0
289,219.0
290,203.0
291,263.0
292,207.0
293,218.0
294,226.0
295,240.0
296,259.0
297,228.0
298,227.0
299,217.0
300,209.0
301,242.0
302,201.0
303,253.0
304,223.0
305,266.0
306,217.0
307,264.0
308,227.0
309,209.0
310,238.0
311,210.0
312,232.0
313,233.0
314,216.0
315,198.0
316,212.0
317,191.0
318,213.0
319,206.0
320,249.0
321,237.0
322,231.0
323,241.0
324,232.0
325,205.0
326,233.0
327,194.0
328,231.0
329,203.0
330,230.0
331,205.0
332,230.0
333,198.0
334,245.0
335,235.0
336,228.0
337,227.0
338,244.0
340,249.0
341,252.0
342,226.0
343,206.0
344,216.0
345,195.0
346,232.0
347,239.0
348,210.0
349,234.0
351,273.0
352,192.0
353,220.0
354,239.0
355,235.0
356,244.0
357,200.0
358,238.0
359,251.0
360,220.0
361,231.0
362,206.0
363,232.0
364,239.0
365,227.0
366,235.0
367,223.0
368,199.0
369,234.0
370,228.0
371,195.0
372,227.0
373,232.0
374,235.0
375,261.0
376,257.0
377,250.0
378,211.0
379,257.0
380,237.0
381,216.0
382,219.0
383,252.0
384,236.0
385,207.0
386,232.0
387,235.0
388,262.0
389,250.0
390,196.0
391,231.0
392,258.0
393,207.0
394,206.0
395,228.0
396,230.0
397,223.0
398,204.0
399,183.0
400,167.0
401,246.0
402,244.0
403,217.0
404,202.0
405,236.0
406,190.0
407,225.0
408,229.0
409,238.0
410,218.0
411,243.0
412,235.0
413,202.0
414,201.0
415,213.0
416,194.0
417,220.0
418,251.0
419,202.0
420,232.0
421,242.0
422,245.0
423,223.0
424,217.0
425,217.0
426,251.0
427,220.0
428,198.0
429,211.0
430,239.0
431,259.0
432,208.0
433,218.0
434,224.0
435,246.0
436,201.0
437,245.0
438,203.0
439,221.0
440,222.0
442,254.0
443,261.0
444,208.0
445,230.0
446,203.0
447,217.0
448,251.0
449,195.0
451,240.0
452,227.0
453,233.0
454,213.0
455,217.0
456,222.0
457,233.0
458,221.0
459,231.0
460,240.0
461,221.0
462,199.0
463,217.0
464,208.0
465,208.0
467,217.0
468,253.0
469,230.0
470,191.0
471,253.0
472,254.0
473,244.0
474,234.0
475,237.0
477,218.0
478,174.0
479,225.0
480,212.0
481,236.0
482,225.0
483,165.0
484,246.0
485,237.0
486,252.0
487,227.0
488,254.0
489,214.0
490,243.0
491,234.0
492,257.0
493,216.0
494,223.0
495,196.0
496,218.0
497,218.0
498,242.0
499,209.0
501,219.0
502,239.0
503,230.0
504,207.0
505,232.0
506,214.0
507,235.0
508,240.0
509,224.0
510,248.0
511,230.0
512,241.0
513,191.0
514,205.0
515,205.0
516,198.0
517,181.0
518,213.0
519,228.0
520,227.0
521,195.0
522,218.0
523,219.0
524,246.0
525,216.0
526,233.0
527,244.0
528,182.0
529,213.0
530,250.0
531,241.0
532,226.0
534,250.0
535,199.0
536,233.0
537,229.0
538,238.0
540,227.0
541,208.0
542,225.0
543,221.0
544,255.0
545,226.0
546,225.0
547,226.0
548,258.0
549,211.0
550,195.0
551,249.0
552,205.0
553,227.0
555,233.0
556,228.0
557,202.0
558,239.0
559,174.0
560,214.0
561,240.0
562,209.0
563,221.0
564,187.0
565,242.0
566,194.0
567,253.0
568,203.0
569,226.0
570,258.0
571,213.0
572,219.0
573,247.0
574,234.0
575,214.0
576,244.0
577,227.0
578,193.0
579,214.0
580,233.0
581,234.0
582,208.0
583,219.0
584,221.0
585,221.0
586,186.0
587,226.0
588,215.0
589,201.0
590,205.0
591,224.0
592,215.0
593,224.0
594,216.0
595,258.0
596,253.0
597,215.0
598,197.0
599,206.0
600,210.0
601,239.0
602,244.0
603,209.0
604,228.0
605,197.0
606,219.0
607,227.0
608,240.0
609,236.0
610,223.0
611,223.0
612,218.0
614,246.0
615,206.0
616,210.0
617,247.0
618,208.0
619,260.0
621,215.0
622,203.0
623,224.0
624,232.0
625,186.0
626,236.0
627,208.0
628,221.0
629,217.0
630,204.0
631,231.0
632,198.0
633,236.0
634,215.0
635,205.0
636,198.0
637,224.0
638,236.0
639,198.0
640,198.0
641,228.0
642,189.0
643,239.0
644,224.0
645,219.0
646,222.0
647,218.0
648,230.0
649,186.0
650,233.0
651,247.0
652,189.0
653,256.0
654,199.0
655,227.0
656,218.0
657,221.0
658,228.0
659,225.0
660,179.0
661,209.0
662,218.0
663,203.0
664,216.0
665,237.0
666,226.0
667,200.0
668,208.0
669,211.0
670,225.0
671,225.0
672,263.0
673,220.0
674,211.0
675,228.0
676,229.0
677,185.0
678,243.0
679,236.0
680,209.0
681,207.0
682,219.0
683,206.0
684,216.0
685,235.0
686,218.0
687,257.0
688,272.0
689,228.0
690,196.0
691,228.0
692,202.0
693,222.0
694,228.0
695,237.0
696,216.0
697,226.0
698,214.0
699,263.0
700,222.0
701,240.0
702,226.0
703,204.0
704,230.0
705,202.0
706,253.0
707,243.0
708,210.0
709,236.0
710,211.0
711,244.0
712,200.0
713,250.0
714,202.0
715,195.0
716,278.0
717,215.0
718,247.0
719,230.0
720,217.0
721,214.0
722,231.0
723,214.0
724,235.0
725,225.0
726,228.0
727,281.0
728,240.0
729,217.0
730,246.0
731,195.0
732,262.0
733,217.0
734,227.0
735,250.0
736,234.0
737,210.0
738,240.0
739,221.0
740,240.0
741,206.0
742,225.0
743,236.0
744,192.0
745,257.0
746,238.0
747,198.0
748,211.0
749,205.0
750,208.0
751,223.0
752,191.0
753,227.0
754,207.0
755,217.0
756,246.0
757,246.0
758,194.0
760,224.0
761,192.0
762,231.0
763,211.0
764,202.0
765,193.0
766,221.0
767,229.0
769,256.0
770,227.0
771,235.0
772,222.0
773,256.0
774,240.0
775,234.0
776,229.0
777,229.0
778,220.0
779,234.0
780,236.0
781,245.0
782,241.0
783,226.0
784,214.0
785,227.0
786,230.0
788,213.0
789,215.0
790,230.0
791,232.0
792,233.0
793,202.0
794,242.0
795,243.0
796,196.0
797,221.0
798,246.0
799,210.0
800,228.0
801,216.0
802,234.0
803,224.0
804,218.0
805,198.0
806,276.0
807,214.0
808,203.0
809,208.0
810,204.0
811,255.0
812,203.0
813,226.0
814,208.0
815,263.0
816,206.0
818,254.0
819,226.0
820,244.0
821,201.0
822,238.0
823,264.0
824,229.0
825,211.0
826,253.0
827,194.0
828,217.0
829,232.0
830,185.0
831,199.0
832,225.0
833,241.0
834,235.0
835,197.0
836,221.0
837,213.0
838,210.0
839,215.0
841,238.0
842,258.0
843,201.0
844,245.0
845,224.0
846,207.0
847,226.0
848,218.0
849,223.0
850,197.0
851,215.0
852,247.0
853,229.0
854,230.0
855,243.0
856,233.0
857,229.0
858,216.0
859,186.0
860,212.0
861,209.0
863,228.0
864,217.0
865,211.0
866,219.0
867,208.0
868,289.0
869,234.0
870,218.0
871,236.0
872,221.0
873,245.0
874,219.0
875,231.0
876,213.0
877,226.0
878,239.0
879,227.0
880,207.0
881,210.0
883,259.0
884,223.0
885,232.0
886,220.0
887,279.0
888,243.0
889,240.0
890,204.0
891,283.0
892,237.0
893,206.0
894,215.0
895,216.0
896,167.0
897,230.0
898,221.0
899,205.0
900,201.0
901,231.0
902,249.0
903,200.0
904,276.0
905,247.0
906,223.0
907,208.0
908,248.0
909,232.0
910,210.0
911,219.0
912,235.0
913,231.0
914,243.0
915,224.0
916,237.0
917,200.0
918,231.0
919,182.0
920,222.0
921,231.0
922,209.0
923,295.0
924,252.0
925,201.0
926,240.0
927,242.0
928,211.0
929,202.0
930,238.0
931,246.0
932,210.0
933,250.0
934,197.0
935,269.0
936,274.0
937,228.0
938,220.0
939,219.0
940,222.0
941,208.0
942,215.0
943,259.0
944,260.0
945,234.0
946,220.0
947,200.0
948,233.0
949,274.0
950,216.0
951,233.0
952,207.0
953,217.0
954,247.0
955,244.0
956,233.0
957,265.0
958,222.0
959,226.0
960,208.0
961,240.0
962,254.0
963,222.0
964,221.0
965,204.0
966,233.0
967,224.0
968,224.0
969,249.0
970,213.0
971,235.0
972,225.0
973,269.0
974,271.0
975,250.0
976,229.0
977,222.0
978,219.0
979,238.0
980,197.0
981,200.0
982,237.0
983,216.0
984,228.0
986,236.0
987,244.0
988,196.0
989,232.0
990,246.0
991,203.0
992,209.0
994,216.0
995,275.0
996,226.0
997,200.0
998,217.0
999,200.0
1000,235.0
1001,224.0
1002,195.0
1003,247.0
1005,213.0
1006,202.0
1007,219.0
1008,225.0
1009,196.0
1010,237.0
1011,230.0
1012,232.0
1013,227.0
1014,243.0
1016,218.0
1017,222.0
1018,220.0
1019,215.0
1020,181.0
1021,212.0
1022,239.0
1023,182.0
1024,234.0
1025,202.0
1026,192.0
1027,209.0
1028,228.0
1029,249.0
1030,257.0
1031,213.0
1033,246.0
1034,194.0
1035,240.0
1036,221.0
1037,267.0
1038,225.0
1039,212.0
1040,208.0
1041,190.0
1042,228.0
1043,241.0
1044,257.0
1045,203.0
1046,191.0
1047,195.0
1048,223.0
1049,199.0
1050,215.0
1051,211.0
1052,209.0
1053,221.0
1054,226.0
1055,228.0
1056,231.0
1057,201.0
1058,178.0
1059,212.0
1060,229.0
1061,238.0
1063,317.0
1064,203.0
1065,229.0
1066,206.0
1067,239.0
1068,218.0
1069,229.0
1070,237.0
1071,197.0
1072,214.0
1073,203.0
1074,222.0
1075,180.0
1076,219.0
1077,220.0
1078,219.0
1079,178.0
1080,257.0
1081,240.0
1082,242.0
1083,203.0
1084,229.0
1085,205.0
1086,199.0
1087,260.0
1088,245.0
1089,207.0
1090,240.0
1091,223.0
1092,214.0
1093,208.0
1094,242.0
1095,230.0
1096,232.0
1097,198.0
1098,196.0
1099,206.0
1100,213.0
1101,224.0
1102,241.0
1103,227.0
1104,258.0
1105,244.0
1106,210.0
1107,195.0
1108,232.0
1109,233.0
1110,230.0
1111,208.0
1112,197.0
1113,218.0
1114,175.0
1115,244.0
1116,226.0
1117,204.0
1118,234.0
1119,203.0
1120,213.0
1121,225.0
1122,211.0
1123,260.0
1124,222.0
1125,250.0
1126,217.0
1127,198.0
1128,195.0
1129,240.0
1130,211.0
1131,220.0
1132,250.0
1133,237.0
1134,222.0
1135,234.0
1136,230.0
1137,238.0
1138,222.0
1139,222.0
1140,246.0
1141,196.0
1142,225.0
1143,195.0
1144,238.0
1145,206.0
1146,233.0
1147,273.0
1148,236.0
1150,214.0
1151,243.0
1152,209.0
1153,220.0
1154,205.0
1155,194.0
1156,239.0
1158,209.0
1159,240.0
1160,215.0
1161,205.0
1162,213.0
1163,196.0
1164,213.0
1165,253.0
1166,246.0
1167,220.0
1168,228.0
1169,212.0
1170,185.0
1171,203.0
1172,230.0
1173,205.0
1174,237.0
1175,209.0
1176,223.0
1177,245.0
1178,208.0
1179,246.0
1180,199.0
1181,201.0
1182,216.0
1183,227.0
1184,240.0
1185,228.0
1186,184.0
1187,228.0
1188,214.0
1189,219.0
1190,209.0
1191,219.0
1192,236.0
1193,262.0
1194,192.0
1195,198.0
1196,236.0
1197,200.0
1198,224.0
1199,198.0
1200,213.0
1201,210.0
1202,270.0
1203,266.0
1204,245.0
1205,213.0
1206,224.0
1207,244.0
1208,188.0
1209,231.0
1210,257.0
1211,219.0
1212,222.0
1213,243.0
1214,235.0
1215,231.0
1216,214.0
1217,217.0
1218,217.0
1219,194.0
1220,198.0
1221,215.0
1222,199.0
1223,248.0
1224,220.0
1225,260.0
1226,204.0
1227,219.0
1228,238.0
1229,205.0
1230,211.0
1231,214.0
1232,191.0
1233,197.0
1234,240.0
1235,217.0
1236,240.0
1237,218.0
1238,197.0
1240,221.0
1241,231.0
1242,203.0
1243,220.0
1244,194.0
1245,225.0
1246,223.0
1248,213.0
1249,224.0
1250,188.0
1251,272.0
1252,255.0
1253,214.0
1254,224.0
1255,219.0
1256,229.0
1257,217.0
1258,209.0
1259,228.0
1260,197.0
1261,227.0
1262,196.0
1263,213.0
1264,173.0
1265,233.0
1266,210.0
1268,269.0
1269,233.0
1270,235.0
1271,197.0
1272,215.0
1273,230.0
1274,214.0
1275,222.0
1276,211.0
1277,217.0
1278,196.0
1279,240.0
1280,183.0
1281,213.0
1282,221.0
1283,220.0
1284,197.0
1285,219.0
1286,221.0
1287,201.0
1288,215.0
1289,268.0
1290,231.0
1291,247.0
1292,248.0
1293,205.0
1294,197.0
1295,205.0
1296,235.0
1297,230.0
1298,207.0
1299,242.0
1300,243.0
1301,217.0
1302,271.0
1303,221.0
1304,228.0
1305,232.0
1306,203.0
1307,215.0
1308,198.0
1309,180.0
1310,209.0
1311,215.0
1313,266.0
1314,249.0
1315,209.0
1316,214.0
1317,224.0
1318,207.0
1319,235.0
1320,238.0
1321,207.0
1322,229.0
1323,216.0
1324,267.0
1325,215.0
1326,214.0
1327,204.0
1329,198.0
1330,185.0
1331,212.0
1332,237.0
1334,211.0
1335,208.0
1336,234.0
1337,194.0
1338,221.0
1339,256.0
1340,189.0
1341,202.0
1342,221.0
1343,238.0
1344,226.0
1345,246.0
1346,239.0
1347,239.0
1348,243.0
1349,183.0
1350,223.0
1351,187.0
1353,224.0
1354,213.0
1355,233.0
1356,226.0
1357,210.0
1358,156.0
1359,241.0
1360,223.0
1362,237.0
1363,225.0
1364,204.0
1365,220.0
1367,240.0
1368,212.0
1369,222.0
1370,239.0
1371,233.0
1372,240.0
1373,212.0
1374,197.0
1375,198.0
1376,216.0
1377,179.0
1378,192.0
1379,249.0
1380,252.0
1381,216.0
1382,229.0
1383,236.0
1384,215.0
1385,221.0
1386,246.0
1387,212.0
1388,207.0
1389,209.0
1390,263.0
1391,211.0
1392,198.0
1393,212.0
1394,217.0
1395,211.0
1396,206.0
1397,248.0
1398,212.0
1399,234.0
1400,219.0
1401,217.0
1402,215.0
1403,223.0
1404,207.0
1405,221.0
1406,209.0
1407,208.0
1408,224.0
1409,243.0
1410,234.0
1411,215.0
1412,221.0
1413,240.0
1414,234.0
1415,221.0
1416,226.0
1417,234.0
1418,225.0
1419,233.0
1420,264.0
1421,219.0
1423,212.0
1424,232.0
1425,206.0
1427,217.0
1428,239.0
1429,234.0
1430,217.0
1431,235.0
1432,260.0
1433,211.0
1434,236.0
1435,198.0
1436,224.0
1437,196.0
1438,217.0
1439,212.0
1440,220.0
1442,230.0
1443,220.0
1444,176.0
1445,200.0
1446,234.0
1447,207.0
1448,209.0
1449,236.0
1450,198.0
1451,246.0
1452,206.0
1453,201.0
1454,225.0
1455,195.0
1456,210.0
1457,197.0
1458,229.0
1459,262.0
1460,206.0
1461,233.0
1462,211.0
1463,182.0
1464,218.0
1465,248.0
1466,222.0
1467,245.0
1468,207.0
1469,235.0
1470,203.0
1471,221.0
1472,239.0
1473,195.0
1474,225.0
1475,237.0
1476,194.0
1477,238.0
1478,185.0
1479,228.0
1480,201.0
1481,234.0
1482,212.0
1483,207.0
1485,230.0
1486,214.0
1487,224.0
1488,210.0
1489,210.0
1490,223.0
1491,200.0
1492,215.0
1493,234.0
1494,240.0
1495,160.0
1496,183.0
1497,251.0
1498,212.0
1499,215.0
1500,226.0
1501,236.0
1502,190.0
1503,232.0
1504,225.0
1505,227.0
1506,223.0
1507,215.0
1508,227.0
1509,243.0
1510,215.0
1511,245.0
1512,205.0
1513,232.0
1514,242.0
1515,221.0
1516,205.0
1517,233.0
1518,235.0
1519,238.0
1520,219.0
1521,228.0
1522,254.0
1523,190.0
1524,233.0
1525,209.0
1526,230.0
1527,193.0
1528,214.0
1529,228.0
1530,204.0
1531,231.0
1532,217.0
1533,200.0
1534,237.0
1535,243.0
1536,222.0
1537,213.0
1538,205.0
1539,230.0
1540,231.0
1541,212.0
1542,232.0
1543,227.0
1544,218.0
1545,205.0
1546,207.0
1547,230.0
1548,221.0
1549,243.0
1550,255.0
1551,234.0
1552,192.0
1553,233.0
1554,201.0
1555,212.0
1556,245.0
1557,200.0
1558,214.0
1559,207.0
1560,248.0
1561,235.0
1562,223.0
1563,194.0
1565,224.0
1566,245.0
1567,192.0
1568,209.0
1569,243.0
1570,214.0
1571,227.0
1572,196.0
1573,227.0
1574,221.0
1575,227.0
1576,226.0
1577,233.0
1578,225.0
1579,221.0
1580,231.0
1581,230.0
1582,219.0
1583,221.0
1584,186.0
1585,224.0
1586,237.0
1587,206.0
1588,203.0
1589,251.0
1590,223.0
1591,250.0
1592,265.0
1593,251.0
1594,270.0
1595,219.0
1596,232.0
1597,230.0
1598,222.0
1599,223.0
1600,189.0
1601,241.0
1602,251.0
1603,239.0
1604,242.0
1605,214.0
1606,234.0
1607,204.0
1608,239.0
1609,234.0
1611,177.0
1612,225.0
1613,224.0
1614,222.0
1615,209.0
1616,239.0
1617,246.0
1618,228.0
1619,189.0
1620,192.0
1621,219.0
1622,242.0
1623,231.0
1624,209.0
1625,207.0
1626,238.0
1627,253.0
1628,206.0
1629,206.0
1632,214.0
1633,227.0
1634,233.0
1635,225.0
1636,226.0
1637,263.0
1638,238.0
1639,192.0
1640,234.0
1641,199.0
1642,202.0
1643,241.0
1644,236.0
1645,258.0
1646,219.0
1647,179.0
1648,237.0
1649,247.0
1651,255.0
1652,219.0
1653,230.0
1654,251.0
1655,207.0
1656,202.0
1657,224.0
1658,232.0
1659,217.0
1660,199.0
1661,219.0
1662,285.0
1663,227.0
1664,223.0
1665,231.0
1666,207.0
1668,268.0
1669,216.0
1670,219.0
1671,215.0
1672,205.0
1673,262.0
1674,204.0
1675,243.0
1676,189.0
1677,236.0
1678,237.0
1679,200.0
1680,210.0
1681,282.0
1682,219.0
1683,244.0
1684,240.0
1685,221.0
1686,233.0
1687,237.0
1688,220.0
1689,247.0
1690,244.0
1691,223.0
1692,224.0
1693,206.0
1694,228.0
1695,251.0
1696,197.0
1697,249.0
1698,246.0
1699,242.0
1700,250.0
1701,218.0
1702,211.0
1703,243.0
1704,223.0
1705,177.0
1706,191.0
1707,231.0
1708,242.0
1709,204.0
1710,220.0
1711,251.0
1712,226.0
1713,237.0
1714,231.0
1715,238.0
1716,216.0
1717,212.0
1718,273.0
1719,215.0
1720,178.0
1721,243.0
1722,222.0
1723,242.0
1724,226.0
1725,235.0
1726,231.0
1727,228.0
1728,216.0
1729,217.0
1730,228.0
1731,224.0
1732,247.0
1733,212.0
1734,237.0
1735,193.0
1736,244.0
1737,232.0
1738,213.0
1739,208.0
1740,242.0
1741,219.0
1742,221.0
1743,209.0
1744,226.0
1745,218.0
1746,202.0
1747,231.0
1748,237.0
1749,216.0
1750,187.0
1751,245.0
1752,241.0
1754,206.0
1755,225.0
1756,224.0
1757,237.0
1758,275.0
1760,227.0
1761,223.0
1762,229.0
1763,224.0
1764,205.0
1765,242.0
1766,247.0
1767,163.0
1768,214.0
1769,211.0
1770,225.0
1771,234.0
1772,261.0
1773,263.0
1774,221.0
1775,255.0
1776,220.0
1778,240.0
1779,192.0
1780,232.0
1781,241.0
1782,236.0
1783,229.0
1784,215.0
1785,223.0
1786,210.0
1787,228.0
1788,218.0
1789,217.0
1791,241.0
1792,253.0
1793,196.0
1794,232.0
1795,240.0
1796,216.0
1797,254.0
1798,222.0
1799,244.0
1800,204.0
1801,214.0
1802,228.0
1803,243.0
1804,219.0
1805,217.0
1806,221.0
1807,218.0
1808,201.0
1809,216.0
1810,229.0
1811,217.0
1812,230.0
1813,243.0
1814,244.0
1815,216.0
1816,226.0
1817,234.0
1818,211.0
1819,208.0
1820,228.0
1821,244.0
1822,262.0
1823,235.0
1824,241.0
1825,242.0
1826,271.0
1827,246.0
1828,213.0
1829,206.0
1830,199.0
1831,227.0
1832,224.0
1833,205.0
1834,250.0
1835,208.0
1836,202.0
1837,252.0
1838,255.0
1840,212.0
1841,217.0
1842,216.0
1843,202.0
1844,206.0
1845,220.0
1846,221.0
1847,259.0
1848,205.0
1849,244.0
1850,219.0
1851,220.0
1852,261.0
1853,224.0
1854,195.0
1855,248.0
1856,246.0
1857,221.0
1858,217.0
1859,193.0
1860,229.0
1861,240.0
1862,214.0
1863,227.0
1864,178.0
1865,251.0
1866,234.0
1867,202.0
1868,236.0
1869,206.0
1870,215.0
1871,216.0
1872,239.0
1873,194.0
1874,248.0
1875,237.0
1876,227.0
1877,249.0
1878,207.0
1879,216.0
1880,227.0
1881,273.0
1883,237.0
1884,259.0
1885,197.0
1886,218.0
1887,250.0
1888,221.0
1889,229.0
1890,219.0
1891,223.0
1892,216.0
1893,229.0
1894,226.0
1895,234.0
1897,233.0
1898,193.0
1899,259.0
1900,210.0
1901,217.0
1902,216.0
1903,250.0
1904,214.0
1905,229.0
1906,244.0
1907,230.0
1908,207.0
1909,206.0
1910,216.0
1911,232.0
1912,219.0
1913,234.0
1914,209.0
1915,217.0
1916,261.0
1917,221.0
1918,232.0
1919,227.0
1920,180.0
1921,271.0
1922,231.0
1923,189.0
1924,281.0
1925,204.0
1926,193.0
1927,211.0
1929,228.0
1930,225.0
1931,206.0
1932,235.0
1933,226.0
1934,228.0
1935,237.0
1936,267.0
1937,210.0
1938,207.0
1939,230.0
1941,210.0
1942,246.0
1943,302.0
1944,231.0
1945,275.0
1946,249.0
1947,237.0
1948,230.0
1949,248.0
1950,204.0
1951,199.0
1952,252.0
1953,228.0
1954,236.0
1955,214.0
1956,248.0
1957,232.0
1958,210.0
1959,208.0
1960,234.0
1961,262.0
1962,224.0
1963,211.0
1964,229.0
1965,218.0
1966,235.0
1967,212.0
1968,224.0
1969,264.0
1970,191.0
1971,208.0
1972,258.0
1973,239.0
1974,205.0
1976,240.0
1977,210.0
1978,246.0
1979,213.0
1980,265.0
1981,225.0
1982,213.0
1983,225.0
1984,209.0
1985,230.0
1986,222.0
1987,268.0
1988,266.0
1989,227.0
1990,231.0
1992,241.0
1993,235.0
1994,224.0
1995,245.0
1996,241.0
1997,207.0
1998,245.0
1999,206.0
2000,220.0
2001,229.0
2002,236.0
2003,265.0
2004,229.0
2005,204.0
2006,247.0
2007,218.0
2008,228.0
2009,239.0
2011,212.0
2012,231.0
2013,246.0
2014,186.0
2015,267.0
2016,258.0
2017,225.0
2018,260.0
2019,230.0
2020,230.0
2022,212.0
2023,248.0
2024,219.0
2025,254.0
2026,278.0
2027,208.0
2028,214.0
2029,247.0
2030,234.0
2031,276.0
2032,210.0
2033,244.0
2034,239.0
2035,225.0
2036,204.0
2037,231.0
2038,229.0
2039,230.0
2040,244.0
2041,198.0
2042,251.0
2043,183.0
2044,224.0
2045,226.0
2046,285.0
2047,237.0
2048,192.0
2049,249.0
2050,233.0
2051,176.0
2052,238.0
2053,265.0
2055,215.0
2056,222.0
2057,188.0
2058,266.0
2059,189.0
2060,197.0
2061,231.0
2062,244.0
2063,189.0
2064,212.0
2065,217.0
2066,213.0
2067,235.0
2068,196.0
2069,242.0
2070,241.0
2072,220.0
2073,232.0
2074,228.0
2075,228.0
2076,223.0
2077,182.0
2078,226.0
2079,198.0
2080,213.0
2081,231.0
2082,204.0
2083,243.0
2084,208.0
2085,216.0
2086,234.0
2087,217.0
2088,227.0
2089,273.0
2090,227.0
2091,196.0
2092,236.0
2093,233.0
2094,244.0
2095,211.0
2096,205.0
2097,221.0
2098,213.0
2099,238.0
2100,250.0
2101,189.0
2102,202.0
2104,206.0
2105,241.0
2106,239.0
2107,215.0
2108,252.0
2109,227.0
2110,253.0
2111,208.0
2112,210.0
2113,261.0
2114,230.0
2115,218.0
2116,201.0
2118,251.0
2119,230.0
2120,212.0
2121,224.0
2122,215.0
2124,205.0
2125,210.0
2126,245.0
2127,241.0
2128,220.0
2129,184.0
2130,191.0
2131,203.0
2132,208.0
2133,224.0
2134,204.0
2135,219.0
2136,228.0
2137,253.0
2138,202.0
2139,192.0
2140,227.0
2141,203.0
2142,222.0
2143,235.0
2144,218.0
2145,192.0
2146,231.0
2147,238.0
2148,202.0
2149,235.0
2150,215.0
2151,219.0
2152,186.0
2153,221.0
2154,219.0
2155,181.0
2156,194.0
2157,224.0
2158,176.0
2159,183.0
2160,205.0
2161,199.0
2162,219.0
2163,219.0
2164,245.0
2165,178.0
2166,225.0
2168,233.0
2169,222.0
2170,212.0
2171,225.0
2172,265.0
2173,231.0
2174,238.0
2175,197.0
2176,207.0
2177,216.0
2178,218.0
2179,226.0
2180,218.0
2181,187.0
2182,185.0
2183,240.0
2184,235.0
2185,216.0
2186,218.0
2187,213.0
2188,204.0
2189,194.0
2190,201.0
2191,184.0
2192,238.0
2193,233.0
2194,219.0
2195,203.0
2196,236.0
2197,226.0
2198,202.0
2199,208.0
2200,213.0
2201,193.0
2202,227.0
2203,186.0
2204,243.0
2205,229.0
2206,207.0
2207,231.0
2208,217.0
2209,212.0
2210,210.0
2211,214.0
2212,231.0
2213,193.0
2214,239.0
2215,190.0
2216,216.0
2217,227.0
2218,208.0
2219,253.0
2220,220.0
2221,219.0
2222,184.0
2224,241.0
2225,205.0
2226,221.0
2227,244.0
2228,186.0
2229,240.0
2230,247.0
2231,210.0
2232,210.0
2233,187.0
2234,248.0
2235,196.0
2236,228.0
2238,229.0
2239,215.0
2240,215.0
2241,186.0
2242,202.0
2243,266.0
2244,233.0
2245,230.0
2246,196.0
2247,232.0
2248,184.0
2250,232.0
2251,226.0
2252,236.0
2253,240.0
2254,214.0
2255,232.0
2256,218.0
2257,250.0
2258,243.0
2259,204.0
2260,241.0
2261,207.0
2262,229.0
2263,210.0
2264,214.0
2265,199.0
2266,199.0
2267,227.0
2268,222.0
2269,211.0
2270,173.0
2271,230.0
2272,223.0
2273,213.0
2274,233.0
2275,232.0
2276,225.0
2277,217.0
2278,233.0
2279,264.0
2280,207.0
2281,203.0
2282,238.0
2283,247.0
2284,252.0
2285,225.0
2286,212.0
2287,201.0
2289,245.0
2290,240.0
2291,217.0
2292,215.0
2293,197.0
2294,226.0
2295,231.0
2296,209.0
2297,266.0
2298,202.0
2299,223.0
2300,236.0
2301,228.0
2302,213.0
2303,192.0
2304,202.0
2305,236.0
2306,229.0
2307,217.0
2308,229.0
2309,183.0
2310,208.0
2311,227.0
2312,200.0
2314,259.0
2315,223.0
2316,256.0
2317,230.0
2318,195.0
2319,217.0
2320,207.0
2321,233.0
2322,221.0
2323,184.0
2324,225.0
2325,241.0
2326,201.0
2327,213.0
2328,226.0
2329,227.0
2330,270.0
2331,221.0
2332,190.0
2333,228.0
2335,216.0
2336,202.0
2337,198.0
2338,249.0
2339,239.0
2340,196.0
2341,193.0
2342,194.0
2344,217.0
2345,209.0
2346,213.0
2347,186.0
2348,195.0
2349,227.0
2350,244.0
2351,248.0
2352,226.0
2353,234.0
2354,234.0
2356,207.0
2357,225.0
2358,238.0
2359,242.0
2360,215.0
2361,228.0
2362,194.0
2363,209.0
2364,211.0
2365,220.0
2366,226.0
2367,239.0
2368,228.0
2369,200.0
2370,210.0
2371,202.0
2372,213.0
2373,253.0
2374,204.0
2375,210.0
2376,217.0
2377,211.0
2378,204.0
2379,199.0
2380,216.0
2381,218.0
2382,224.0
2383,226.0
2384,207.0
2385,203.0
2386,213.0
2387,197.0
2388,177.0
2389,204.0
2390,224.0
2391,210.0
2392,213.0
2393,200.0
2394,235.0
2395,218.0
2397,215.0
2398,197.0
2399,215.0
2400,219.0
2401,221.0
2402,206.0
2403,210.0
2404,175.0
2405,232.0
2406,251.0
2407,271.0
2408,195.0
2409,255.0
2410,237.0
2411,188.0
2412,188.0
2414,237.0
2415,243.0
2416,250.0
2417,216.0
2418,207.0
2419,197.0
2420,214.0
2421,250.0
2422,255.0
2423,228.0
2424,217.0
2425,202.0
2427,185.0
2428,206.0
2429,191.0
2430,271.0
2431,233.0
2432,233.0
2433,181.0
2434,209.0
2435,198.0
2436,238.0
2437,211.0
2438,203.0
2439,199.0
2440,237.0
2441,238.0
2442,217.0
2443,219.0
2444,228.0
2445,225.0
2446,244.0
2447,183.0
2448,214.0
2449,209.0
2450,189.0
2451,254.0
2452,238.0
2453,252.0
2454,219.0
2455,240.0
2456,191.0
2457,245.0
2458,195.0
2459,211.0
2460,200.0
2461,227.0
2462,220.0
2463,184.0
2464,170.0
2465,216.0
2466,221.0
2467,210.0
2468,201.0
2469,222.0
2470,236.0
2471,236.0
2472,209.0
2473,181.0
2474,227.0
2475,213.0
2476,295.0
2477,222.0
2478,214.0
2479,204.0
2480,193.0
2482,194.0
2483,206.0
2484,226.0
2485,206.0
2486,239.0
2487,239.0
2488,235.0
2489,228.0
2490,222.0
2491,204.0
2492,213.0
2493,250.0
2494,266.0
2495,213.0
2496,241.0
2497,201.0
2498,182.0
2499,210.0
2500,242.0
2501,214.0
2502,219.0
2503,240.0
2504,208.0
2505,233.0
2506,211.0
2507,187.0
2508,201.0
2509,213.0
2511,212.0
2512,243.0
2513,226.0
2514,203.0
2515,220.0
2516,193.0
2517,219.0
2518,215.0
2519,244.0
2520,212.0
2521,240.0
2522,220.0
2523,226.0
2524,256.0
2525,208.0
2526,235.0
2527,217.0
2528,216.0
2529,224.0
2530,184.0
2531,225.0
2532,214.0
2533,224.0
2534,237.0
2535,224.0
2536,241.0
2537,231.0
2538,223.0
2539,219.0
2540,221.0
2541,238.0
2542,217.0
2543,247.0
2544,206.0
2545,196.0
2546,209.0
2547,207.0
2548,195.0
2549,259.0
2550,212.0
2551,269.0
2552,230.0
2553,232.0
2554,207.0
2555,235.0
2556,208.0
2557,231.0
2558,209.0
2559,224.0
2560,256.0
2561,223.0
2563,220.0
2564,231.0
2565,233.0
2566,215.0
2567,239.0
2568,206.0
2569,211.0
2570,250.0
2571,196.0
2572,188.0
2573,217.0
2574,194.0
2575,214.0
2576,232.0
2577,226.0
2578,211.0
2579,204.0
2580,226.0
2581,238.0
2582,216.0
2583,209.0
2584,212.0
2585,206.0
2586,238.0
2587,217.0
2588,202.0
2589,236.0
2590,247.0
2591,226.0
2592,205.0
2593,243.0
2594,216.0
2595,198.0
2596,225.0
2597,213.0
2598,182.0
2599,264.0
2600,236.0
2601,199.0
2602,229.0
2604,214.0
2605,214.0
2606,301.0
2607,255.0
2608,254.0
2609,234.0
2610,227.0
2611,244.0
2612,223.0
2613,227.0
2614,208.0
2615,219.0
2616,220.0
2617,216.0
2618,234.0
2619,208.0
2620,195.0
2621,201.0
2622,212.0
2623,247.0
2624,233.0
2625,229.0
2626,196.0
2627,213.0
2628,225.0
2629,278.0
2630,211.0
2631,206.0
2632,222.0
2633,201.0
2634,194.0
2635,268.0
2636,253.0
2637,228.0
2638,207.0
2639,210.0
2640,256.0
2641,225.0
2642,206.0
2643,235.0
2644,287.0
2645,287.0
2646,212.0
2647,241.0
2648,209.0
2649,240.0
2650,216.0
2651,266.0
2652,220.0
2653,201.0
2654,238.0
2655,191.0
2656,229.0
2657,232.0
2658,240.0
2659,214.0
2660,218.0
2661,250.0
2662,220.0
2663,226.0
2664,204.0
2665,272.0
2666,210.0
2667,226.0
2668,232.0
2669,209.0
2670,215.0
2671,230.0
2673,225.0
2674,206.0
2675,217.0
2676,192.0
2677,241.0
2678,190.0
2679,222.0
2680,236.0
2681,214.0
2682,213.0
2683,188.0
2685,237.0
2686,209.0
2687,225.0
2688,226.0
2689,224.0
2690,222.0
2691,216.0
2692,225.0
2694,192.0
2695,224.0
2696,242.0
2697,222.0
2698,225.0
2699,238.0
2700,226.0
2701,244.0
2702,208.0
2704,194.0
2705,207.0
2706,227.0
2707,240.0
2708,195.0
2709,207.0
2710,186.0
2711,208.0
2712,226.0
2713,236.0
2714,209.0
2715,240.0
2716,231.0
2717,205.0
2718,243.0
2719,201.0
2720,218.0
2721,236.0
2722,203.0
2723,230.0
2724,251.0
2725,216.0
2726,193.0
2727,232.0
2728,187.0
2729,239.0
2730,229.0
2731,220.0
2732,237.0
2733,226.0
2734,243.0
2735,250.0
2736,220.0
2737,194.0
2738,196.0
2739,204.0
2740,204.0
2741,237.0
2742,248.0
2743,196.0
2744,182.0
2745,217.0
2746,207.0
2747,231.0
2748,197.0
2749,192.0
2750,258.0
2751,220.0
2752,212.0
2753,240.0
2754,243.0
2755,209.0
2757,216.0
2758,183.0
2759,213.0
2760,191.0
2761,230.0
2762,223.0
2763,221.0
2764,223.0
2765,246.0
2766,263.0
2767,180.0
2769,207.0
2770,232.0
2771,216.0
2772,228.0
2773,239.0
2774,266.0
2776,199.0
2777,230.0
2778,214.0
2779,197.0
2780,254.0
2781,226.0
2782,226.0
2783,265.0
2784,245.0
2785,192.0
2786,243.0
2787,277.0
2788,228.0
2789,204.0
2790,220.0
2791,257.0
2793,212.0
2794,234.0
2795,245.0
2796,231.0
2797,229.0
2798,223.0
2799,239.0
2800,227.0
2801,224.0
2802,198.0
2803,225.0
2804,249.0
2806,259.0
2807,229.0
2808,195.0
2809,189.0
2810,186.0
2811,203.0
2812,230.0
2813,232.0
2814,203.0
2815,238.0
2816,263.0
2817,221.0
2818,211.0
2819,211.0
2820,190.0
2821,233.0
2822,224.0
2823,189.0
2825,231.0
2826,252.0
2827,230.0
2828,223.0
2829,215.0
2830,206.0
2831,221.0
2832,228.0
2833,232.0
2834,287.0
2835,213.0
2836,238.0
2837,203.0
2838,232.0
2839,237.0
2840,236.0
2841,249.0
2842,197.0
2843,253.0
2844,216.0
2845,212.0
2846,209.0
2847,248.0
2848,217.0
2849,195.0
2850,208.0
2851,247.0
2852,233.0
2853,218.0
2854,237.0
2856,219.0
2857,295.0
2858,219.0
2859,237.0
2860,232.0
2861,232.0
2862,242.0
2863,219.0
2864,230.0
2865,215.0
2866,268.0
2867,243.0
2868,235.0
2869,245.0
2870,234.0
2871,231.0
2873,248.0
2874,211.0
2875,186.0
2876,231.0
2877,223.0
2878,233.0
2879,222.0
2880,230.0
2881,215.0
2882,245.0
2883,217.0
2884,221.0
2885,233.0
2886,211.0
2887,213.0
2888,254.0
2889,189.0
2890,241.0
2891,231.0
2892,211.0
2893,244.0
2894,216.0
2895,251.0
2896,281.0
2897,198.0
2899,215.0
2900,239.0
2901,237.0
2902,243.0
2903,212.0
2904,199.0
2905,329.0
2906,203.0
2907,235.0
2908,251.0
2909,246.0
2911,236.0
2912,222.0
2913,192.0
2914,232.0
2915,229.0
2916,205.0
2917,237.0
2918,227.0
2919,218.0
2920,226.0
2921,219.0
2922,226.0
2923,241.0
2924,200.0
2925,219.0
2926,194.0
2927,256.0
2928,215.0
2930,227.0
2931,219.0
2932,223.0
2933,207.0
2934,227.0
2935,223.0
2936,201.0
2937,231.0
2938,251.0
2939,220.0
2940,202.0
2941,215.0
2942,220.0
2943,175.0
2944,215.0
2945,245.0
2946,214.0
2947,218.0
2948,203.0
2949,220.0
2950,255.0
2951,215.0
2952,250.0
2953,223.0
2954,216.0
2955,227.0
2956,198.0
2957,218.0
2958,236.0
2959,231.0
2960,217.0
2961,226.0
2962,227.0
2963,245.0
2964,265.0
2965,196.0
2966,247.0
2967,244.0
2968,187.0
2969,239.0
2970,226.0
2971,202.0
2972,229.0
2973,195.0
2974,195.0
2975,235.0
2976,178.0
2977,227.0
2978,224.0
2979,187.0
2980,236.0
2981,230.0
2982,217.0
2983,240.0
2984,201.0
2985,243.0
2986,205.0
2987,243.0
2988,210.0
2989,182.0
2990,204.0
2991,211.0
2992,190.0
2993,246.0
2994,199.0
2995,214.0
2996,211.0
2997,209.0
2998,220.0
2999,208.0
3000,210.0
3001,211.0
3002,232.0
3003,237.0
3004,192.0
3005,226.0
3006,249.0
3007,237.0
3008,202.0
3009,274.0
3010,198.0
3011,211.0
3012,212.0
3013,263.0
3014,217.0
3015,219.0
3016,168.0
3017,255.0
3018,247.0
3019,192.0
3020,231.0
3021,219.0
3022,245.0
3023,254.0
3024,223.0
3025,217.0
3026,204.0
3027,216.0
3028,220.0
3029,211.0
3030,226.0
3031,232.0
3032,216.0
3033,224.0
3034,244.0
3035,246.0
3036,209.0
3037,251.0
3038,253.0
3039,237.0
3040,215.0
3041,233.0
3042,244.0
3043,215.0
3044,231.0
3045,219.0
3046,201.0
3047,216.0
3048,216.0
3049,221.0
3051,216.0
3052,217.0
3053,203.0
3054,204.0
3055,242.0
3056,225.0
3057,256.0
3058,241.0
3059,197.0
3060,217.0
3061,211.0
3062,229.0
3063,215.0
3064,221.0
3065,211.0
3066,235.0
3067,212.0
3068,217.0
3069,232.0
3070,203.0
3072,229.0
3073,218.0
3074,217.0
3075,292.0
3076,217.0
3077,241.0
3078,222.0
3079,246.0
3080,187.0
3081,230.0
3082,203.0
3083,202.0
3085,250.0
3086,215.0
3087,216.0
3088,221.0
3089,206.0
3090,245.0
3091,215.0
3092,213.0
3093,197.0
3094,204.0
3096,239.0
3097,209.0
3098,233.0
3099,226.0
3100,216.0
3101,226.0
3102,244.0
3103,261.0
3104,220.0
3105,252.0
3106,206.0
3107,225.0
3108,189.0
3109,227.0
3110,237.0
3111,227.0
3112,192.0
3113,235.0
3114,271.0
3115,185.0
3116,227.0
3117,232.0
3118,209.0
3119,219.0
3120,215.0
3121,252.0
3122,224.0
3123,213.0
3124,254.0
3125,218.0
3126,235.0
3127,230.0
3128,213.0
3129,218.0
3130,222.0
3131,235.0
3132,228.0
3133,252.0
3134,220.0
3135,218.0
3136,198.0
3137,197.0
3138,214.0
3139,224.0
3140,214.0
3141,215.0
3142,205.0
3143,229.0
3144,198.0
3145,250.0
3146,221.0
3147,224.0
3148,234.0
3149,229.0
3150,234.0
3151,216.0
3152,214.0
3153,220.0
3154,233.0
3155,262.0
3156,259.0
3157,217.0
3158,241.0
3159,212.0
3160,261.0
3161,224.0
3162,202.0
3163,195.0
3165,262.0
3166,204.0
3167,222.0
3168,256.0
3169,222.0
3170,258.0
3171,223.0
3172,223.0
3173,262.0
3174,226.0
3175,182.0
3176,221.0
3177,229.0
3178,193.0
3179,205.0
3180,221.0
3181,220.0
3182,215.0
3183,223.0
3184,226.0
3185,226.0
3187,247.0
3188,200.0
3189,181.0
3190,210.0
3191,213.0
3192,197.0
3193,248.0
3194,194.0
3195,262.0
3196,226.0
3197,164.0
3198,207.0
3199,175.0
3200,198.0
3201,212.0
3202,220.0
3203,223.0
3204,218.0
3205,222.0
3206,183.0
3207,220.0
3208,231.0
3209,228.0
3210,236.0
3211,213.0
3212,183.0
3213,188.0
3214,197.0
3215,197.0
3216,232.0
3217,198.0
3218,199.0
3219,231.0
3220,237.0
3221,246.0
3222,196.0
3223,219.0
3224,203.0
3225,197.0
3226,223.0
3227,229.0
3228,201.0
3229,217.0
3230,210.0
3231,209.0
3232,185.0
3233,177.0
3234,187.0
3235,185.0
3237,220.0
3238,205.0
3239,202.0
3240,237.0
3241,193.0
3242,235.0
3243,193.0
3244,201.0
3245,170.0
3246,222.0
3247,192.0
3248,186.0
3249,224.0
3250,221.0
3251,177.0
3252,223.0
3253,235.0
3254,233.0
3255,209.0
3256,222.0
3257,191.0
3258,193.0
3259,202.0
3260,222.0
3261,203.0
3262,247.0
3263,214.0
3264,226.0
3265,184.0
3266,193.0
3267,236.0
3268,184.0
3269,206.0
3270,201.0
3271,199.0
3272,247.0
3273,231.0
3274,240.0
3275,200.0
3276,188.0
3277,202.0
3278,216.0
3279,228.0
3280,215.0
3281,238.0
3282,223.0
3283,204.0
3284,223.0
3285,193.0
3286,189.0
3287,201.0
3288,236.0
3289,227.0
3290,195.0
3291,188.0
3292,231.0
3293,209.0
3294,209.0
3295,252.0
3296,186.0
3297,235.0
3298,207.0
3299,211.0
3300,232.0
3301,247.0
3302,209.0
3303,206.0
3304,209.0
3305,192.0
3306,202.0
3307,207.0
3308,203.0
3309,217.0
3310,177.0
3311,190.0
3312,243.0
3313,216.0
3314,229.0
3315,231.0
3316,195.0
3317,180.0
3319,233.0
3320,201.0
3321,212.0
3322,203.0
3323,211.0
3324,226.0
3325,211.0
3326,241.0
3327,196.0
3328,230.0
3329,217.0
3330,240.0
3331,206.0
3332,177.0
3333,192.0
3334,215.0
3336,240.0
3337,198.0
3338,181.0
3339,158.0
3340,215.0
3341,232.0
3342,249.0
3343,207.0
3344,188.0
3346,209.0
3347,228.0
3348,227.0
3349,220.0
3350,207.0
3351,189.0
3352,215.0
3353,213.0
3354,211.0
3355,210.0
3356,213.0
3357,211.0
3358,205.0
3359,193.0
3360,181.0
3361,207.0
3362,202.0
3363,211.0
3364,188.0
3365,242.0
3366,206.0
3367,222.0
3368,224.0
3369,229.0
3370,195.0
3371,194.0
3372,184.0
3373,241.0
3374,207.0
3375,171.0
3376,193.0
3377,180.0
3378,258.0
3379,225.0
3380,243.0
3382,198.0
3383,260.0
3384,207.0
3385,235.0
3386,168.0
3387,205.0
3388,191.0
3389,179.0
3390,209.0
3392,190.0
3393,188.0
3394,210.0
3395,240.0
3396,192.0
3397,229.0
3398,236.0
3399,215.0
3400,197.0
3401,218.0
3402,191.0
3403,220.0
3404,212.0
3405,204.0
3406,192.0
3407,187.0
3408,221.0
3410,202.0
3411,193.0
3412,212.0
3413,181.0
3414,197.0
3416,253.0
3417,228.0
3418,220.0
3419,189.0
3420,202.0
3421,242.0
3422,197.0
3423,208.0
3424,199.0
3425,182.0
3426,220.0
3427,215.0
3428,190.0
3429,220.0
3430,221.0
3431,252.0
3432,199.0
3433,196.0
3434,237.0
3435,211.0
3436,206.0
3437,197.0
3438,206.0
3439,190.0
3440,192.0
3441,178.0
3442,205.0
3443,219.0
3444,206.0
3445,241.0
3447,229.0
3448,213.0
3449,193.0
3450,186.0
3451,227.0
3452,226.0
3453,216.0
3454,220.0
3455,230.0
3456,194.0
3457,204.0
3458,223.0
3459,203.0
3460,205.0
3461,181.0
3462,199.0
3463,183.0
3464,213.0
3465,238.0
3466,215.0
3467,250.0
3468,222.0
3469,201.0
3470,229.0
3471,231.0
3472,199.0
3473,239.0
3474,235.0
3475,205.0
3476,221.0
3477,194.0
3478,213.0
3479,174.0
3480,205.0
3481,218.0
3482,245.0
3483,235.0
3484,222.0
3485,200.0
3486,227.0
3487,216.0
3488,227.0
3490,215.0
3491,213.0
3492,211.0
3493,239.0
3494,213.0
3495,218.0
3497,205.0
3498,177.0
3499,200.0
3500,211.0
3501,198.0
3502,204.0
3503,227.0
3504,212.0
3505,187.0
3506,240.0
3507,216.0
3508,189.0
3509,185.0
3510,194.0
3511,198.0
3512,239.0
3513,187.0
3514,188.0
3515,196.0
3516,194.0
3517,204.0
3518,237.0
3519,187.0
3520,216.0
3521,222.0
3522,195.0
3523,211.0
3524,208.0
3525,213.0
3526,230.0
3527,200.0
3528,208.0
3529,223.0
3530,211.0
3531,225.0
3532,192.0
3533,207.0
3534,227.0
3535,190.0
3536,209.0
3537,206.0
3538,203.0
3539,203.0
3540,217.0
3541,205.0
3542,241.0
3543,172.0
3544,242.0
3545,189.0
3546,255.0
3547,218.0
3548,189.0
3549,193.0
3550,215.0
3551,253.0
3552,189.0
3553,219.0
3554,201.0
3555,237.0
3556,184.0
3557,187.0
3558,230.0
3559,222.0
3560,191.0
3561,242.0
3562,203.0
3563,204.0
3564,195.0
3565,197.0
3566,223.0
3568,224.0
3569,180.0
3570,196.0
3571,215.0
3572,233.0
3573,209.0
3574,215.0
3575,202.0
3576,202.0
3577,228.0
3578,233.0
3579,202.0
3580,190.0
3581,224.0
3582,183.0
3583,236.0
3584,207.0
3586,184.0
3587,209.0
3588,226.0
3589,195.0
3591,214.0
3592,207.0
3593,194.0
3594,206.0
3595,224.0
3596,201.0
3597,205.0
3598,214.0
3599,200.0
3600,232.0
3601,188.0
3602,219.0
3603,223.0
3604,230.0
3605,215.0
3606,189.0
3608,235.0
3609,196.0
3610,222.0
3611,200.0
3612,179.0
3613,203.0
3614,240.0
3615,206.0
3616,203.0
3617,216.0
3618,181.0
3619,238.0
3620,186.0
3621,184.0
3622,227.0
3623,195.0
3624,223.0
3625,192.0
3626,189.0
3627,203.0
3628,205.0
3629,219.0
3631,214.0
3632,213.0
3633,237.0
3634,208.0
3635,187.0
3636,219.0
3637,209.0
3638,217.0
3639,177.0
3640,242.0
3641,187.0
3643,203.0
3644,221.0
3645,207.0
3646,188.0
3647,192.0
3648,233.0
3649,214.0
3650,191.0
3651,225.0
3652,203.0
3653,219.0
3654,191.0
3655,190.0
3656,190.0
3657,196.0
3658,221.0
3659,196.0
3660,206.0
3661,212.0
3662,193.0
3663,179.0
3664,227.0
3665,192.0
3666,208.0
3667,253.0
3668,241.0
3669,231.0
3670,204.0
3671,197.0
3672,198.0
3673,191.0
3674,224.0
3675,226.0
3676,226.0
3677,211.0
3679,198.0
3680,248.0
3681,192.0
3682,212.0
3683,209.0
3684,224.0
3685,193.0
3686,209.0
3687,172.0
3688,269.0
3689,208.0
3690,228.0
3691,205.0
3692,213.0
3693,290.0
3694,197.0
3695,229.0
3696,233.0
3697,210.0
3698,224.0
3699,193.0
3700,244.0
3701,210.0
3702,258.0
3703,237.0
3704,191.0
3705,207.0
3706,242.0
3707,190.0
3708,195.0
3709,239.0
3710,247.0
3711,245.0
3712,229.0
3713,215.0
3714,223.0
3715,214.0
3716,218.0
3717,206.0
3718,224.0
3719,238.0
3720,175.0
3721,251.0
3722,190.0
3723,202.0
3724,202.0
3725,210.0
3726,239.0
3727,192.0
3728,199.0
3729,192.0
3730,172.0
3731,209.0
3732,211.0
3733,214.0
3734,258.0
3735,204.0
3736,213.0
3737,196.0
3738,245.0
3739,205.0
3740,214.0
3741,221.0
3742,227.0
3743,223.0
3744,238.0
3745,205.0
3746,226.0
3747,221.0
3748,207.0
3749,213.0
3750,185.0
3751,223.0
3752,179.0
3753,194.0
3754,226.0
3755,207.0
3757,233.0
3758,220.0
3759,207.0
3760,213.0
3761,192.0
3762,241.0
3763,211.0
3764,174.0
3765,217.0
3767,232.0
3768,215.0
3769,187.0
3770,165.0
3771,192.0
3772,202.0
3773,226.0
3774,232.0
3775,207.0
3776,244.0
3777,192.0
3778,212.0
3779,208.0
3780,192.0
3781,252.0
3782,232.0
3783,176.0
3784,223.0
3785,241.0
3786,217.0
3787,201.0
3788,223.0
3789,230.0
3790,226.0
3791,225.0
3792,237.0
3793,183.0
3794,228.0
3795,203.0
3796,199.0
3797,229.0
3798,207.0
3799,210.0
3800,229.0
3801,187.0
3802,195.0
3803,242.0
3804,231.0
3805,204.0
3806,207.0
3807,204.0
3808,225.0
3809,187.0
3810,169.0
3811,207.0
3812,214.0
3813,186.0
3814,196.0
3815,208.0
3816,234.0
3817,185.0
3818,194.0
3819,169.0
3820,232.0
3821,210.0
3822,211.0
3823,272.0
3824,224.0
3825,224.0
3826,215.0
3827,210.0
3828,225.0
3830,198.0
3831,201.0
3832,234.0
3833,180.0
3834,194.0
3835,219.0
3836,173.0
3837,205.0
3838,189.0
3839,206.0
3840,214.0
3841,260.0
3842,235.0
3843,215.0
3844,217.0
3845,204.0
3846,216.0
3847,201.0
3848,197.0
3849,201.0
3850,193.0
3851,217.0
3852,193.0
3853,216.0
3854,237.0
3855,248.0
3856,239.0
3857,177.0
3858,233.0
3859,231.0
3860,211.0
3861,223.0
3862,200.0
3864,207.0
3865,228.0
3866,192.0
3867,175.0
3868,190.0
3869,233.0
3870,180.0
3871,229.0
3872,214.0
3873,226.0
3874,186.0
3875,208.0
3876,206.0
3877,225.0
3878,215.0
3880,234.0
3881,211.0
3882,234.0
3883,205.0
3884,183.0
3885,221.0
3886,201.0
3887,229.0
3888,202.0
3889,239.0
3890,221.0
3891,217.0
3892,206.0
3893,210.0
3894,213.0
3895,228.0
3896,198.0
3897,233.0
3898,176.0
3899,224.0
3900,180.0
3901,206.0
3902,232.0
3903,190.0
3904,232.0
3905,251.0
3906,206.0
3907,197.0
3908,193.0
3909,241.0
3910,229.0
3911,201.0
3912,259.0
3913,182.0
3914,214.0
3915,200.0
3916,226.0
3917,223.0
3918,235.0
3919,208.0
3920,223.0
3921,218.0
3922,192.0
3923,225.0
3924,213.0
3925,205.0
3926,231.0
3927,193.0
3928,203.0
3929,195.0
3930,212.0
3931,225.0
3932,187.0
3933,225.0
3934,202.0
3935,213.0
3936,220.0
3937,242.0
3938,202.0
3939,190.0
3940,236.0
3941,230.0
3942,205.0
3943,192.0
3944,214.0
3945,217.0
3946,202.0
3947,278.0
3948,221.0
3949,180.0
3950,210.0
3951,210.0
3952,224.0
3953,187.0
3954,198.0
3955,212.0
3956,201.0
3957,214.0
3958,230.0
3959,188.0
3960,227.0
3962,234.0
3963,176.0
3964,182.0
3965,218.0
3966,200.0
3967,266.0
3968,191.0
3969,253.0
3970,227.0
3971,215.0
3973,236.0
3974,233.0
3975,220.0
3976,226.0
3977,201.0
3978,234.0
3979,217.0
3980,202.0
3981,211.0
3983,206.0
3984,221.0
3985,212.0
3986,200.0
3987,200.0
3988,223.0
3989,226.0
3990,189.0
3991,234.0
3992,232.0
3993,227.0
3995,211.0
3996,220.0
3997,202.0
3998,191.0
3999,235.0
4000,256.0
4001,231.0
4002,206.0
4003,206.0
4004,240.0
4005,204.0
4006,257.0
4007,230.0
4008,207.0
4009,231.0
4010,213.0
4012,233.0
4013,217.0
4014,241.0
4015,208.0
4016,222.0
4017,209.0
4018,226.0
4019,201.0
4020,247.0
4022,241.0
4023,181.0
4024,227.0
4025,192.0
4026,204.0
4027,226.0
4028,233.0
4029,221.0
4030,210.0
4031,221.0
4032,187.0
4033,212.0
4034,204.0
4035,233.0
4036,244.0
4037,203.0
4038,227.0
4039,207.0
4040,191.0
4041,212.0
4042,241.0
4043,236.0
4044,217.0
4045,218.0
4046,217.0
4047,181.0
4048,221.0
4049,252.0
4051,203.0
4052,211.0
4053,215.0
4054,209.0
4055,240.0
4056,221.0
4057,197.0
4058,212.0
4059,221.0
4060,237.0
4061,210.0
4062,205.0
4063,244.0
4064,207.0
4065,227.0
4066,223.0
4067,208.0
4068,210.0
4069,199.0
4070,221.0
4071,209.0
4072,240.0
4073,224.0
4074,197.0
4075,243.0
4076,243.0
4077,201.0
4078,207.0
4079,208.0
4080,189.0
4081,228.0
4082,225.0
4083,235.0
4084,228.0
4085,201.0
4086,201.0
4087,193.0
4088,194.0
4089,202.0
4090,181.0
4091,211.0
4092,228.0
4093,198.0
4094,174.0
4095,242.0
4096,225.0
4097,215.0
4098,234.0
4099,198.0
4100,196.0
4101,230.0
4102,229.0
4103,221.0
4104,240.0
4105,188.0
4106,215.0
4107,209.0
4108,215.0
4109,236.0
4110,217.0
4111,207.0
4112,226.0
4113,202.0
4114,241.0
4115,182.0
4116,199.0
4117,173.0
4118,232.0
4119,213.0
4120,233.0
4121,182.0
4122,213.0
4123,237.0
4124,194.0
4125,231.0
4126,198.0
4127,251.0
4128,196.0
4129,217.0
4130,187.0
4131,234.0
4132,240.0
4133,212.0
4134,215.0
4135,238.0
4136,202.0
4137,224.0
4138,207.0
4139,214.0
4140,226.0
4141,218.0
4143,215.0
4144,234.0
4145,207.0
4146,199.0
4147,236.0
4148,180.0
4149,189.0
4150,227.0
4151,249.0
4152,223.0
4153,243.0
4154,242.0
4155,246.0
4156,233.0
4158,205.0
4159,221.0
4160,228.0
4161,218.0
4162,191.0
4163,204.0
4164,191.0
4165,183.0
4167,175.0
4168,236.0
4169,237.0
4170,220.0
4171,223.0
4172,195.0
4173,239.0
4174,208.0
4175,225.0
4176,233.0
4177,187.0
4178,218.0
4179,200.0
4180,211.0
4181,249.0
4182,197.0
4183,257.0
4184,233.0
4185,241.0
4186,210.0
4187,290.0
4188,202.0
4189,202.0
4190,196.0
4191,164.0
4192,199.0
4194,220.0
4195,179.0
4196,203.0
4197,226.0
4198,193.0
4199,216.0
4200,237.0
4201,261.0
4202,217.0
4204,188.0
4205,224.0
4206,188.0
4207,219.0
4208,231.0
4209,196.0
4210,253.0
4211,216.0
4212,195.0
4213,223.0
4214,215.0
4215,200.0
4217,212.0
4218,204.0
4219,205.0
4220,244.0
4221,228.0
4222,208.0
4223,200.0
4224,212.0
4225,205.0
4226,193.0
4227,204.0
4228,228.0
4229,235.0
4230,201.0
4231,217.0
4232,220.0
4233,209.0
4234,213.0
4235,197.0
4237,198.0
4238,265.0
4239,218.0
4240,194.0
4241,227.0
4242,196.0
4243,173.0
4244,204.0
4245,177.0
4246,210.0
4247,200.0
4248,224.0
4249,222.0
4250,223.0
4251,196.0
4252,211.0
4253,240.0
4254,215.0
4255,219.0
4257,191.0
4258,195.0
4259,223.0
4260,195.0
4261,209.0
4262,202.0
4263,192.0
4264,209.0
4265,185.0
4266,207.0
4267,246.0
4268,251.0
4269,172.0
4271,204.0
4272,209.0
4273,219.0
4274,224.0
4275,208.0
4276,200.0
4277,182.0
4278,204.0
4279,221.0
4280,207.0
4281,185.0
4282,253.0
4283,224.0
4284,167.0
4285,218.0
4286,213.0
4287,211.0
4288,183.0
4289,234.0
4290,218.0
4291,224.0
4292,211.0
4293,224.0
4294,199.0
4295,208.0
4296,170.0
4297,218.0
4298,216.0
4299,191.0
4300,227.0
4301,201.0
4302,223.0
4303,234.0
4304,218.0
4305,205.0
4306,174.0
4307,234.0
4308,196.0
4309,190.0
4310,232.0
4311,230.0
4313,215.0
4314,219.0
4315,209.0
4316,187.0
4317,220.0
4318,237.0
4319,262.0
4320,225.0
4321,165.0
4322,200.0
4323,220.0
4324,246.0
4325,210.0
4326,217.0
4327,221.0
4328,218.0
4329,240.0
4330,209.0
4331,247.0
4332,206.0
4333,217.0
4334,213.0
4335,219.0
4336,170.0
4337,206.0
4338,208.0
4339,188.0
4340,207.0
4341,232.0
4342,183.0
4343,234.0
4344,221.0
4345,212.0
4346,204.0
4347,198.0
4348,214.0
4350,196.0
4351,197.0
4352,204.0
4353,190.0
4354,188.0
4355,236.0
4356,223.0
4357,185.0
4358,185.0
4359,202.0
4360,219.0
4361,204.0
4362,228.0
4363,218.0
4364,215.0
4365,176.0
4366,209.0
4367,177.0
4368,181.0
4369,185.0
4370,215.0
4371,205.0
4372,209.0
4373,206.0
4374,201.0
4375,206.0
4376,207.0
4377,248.0
4378,191.0
4379,223.0
4380,204.0
4381,196.0
4382,230.0
4383,204.0
4384,231.0
4385,197.0
4386,239.0
4387,207.0
4388,210.0
4389,202.0
4390,172.0
4391,217.0
4392,233.0
4393,178.0
4394,216.0
4395,250.0
4396,218.0
4397,232.0
4398,201.0
4399,196.0
4400,194.0
4401,221.0
4402,200.0
4403,214.0
4405,223.0
4406,183.0
4407,186.0
4408,187.0
4409,209.0
4410,189.0
4411,205.0
4412,208.0
4413,204.0
4414,174.0
4415,203.0
4417,230.0
4418,161.0
4419,227.0
4420,194.0
4421,223.0
4422,187.0
4423,222.0
4424,192.0
4425,222.0
4426,182.0
4427,193.0
4428,220.0
4429,229.0
4430,216.0
4431,206.0
4432,215.0
4433,245.0
4434,196.0
4435,222.0
4436,202.0
4437,211.0
4438,237.0
4439,206.0
4440,214.0
4441,230.0
4442,207.0
4443,200.0
4444,211.0
4445,226.0
4446,193.0
4447,218.0
4448,192.0
4449,202.0
4450,224.0
4452,161.0
4453,214.0
4454,242.0
4455,182.0
4456,199.0
4457,213.0
4458,201.0
4459,201.0
4460,206.0
4461,204.0
4462,193.0
4463,202.0
4465,225.0
4466,226.0
4467,225.0
4468,193.0
4469,253.0
4470,224.0
4471,236.0
4472,217.0
4473,192.0
4474,203.0
4475,157.0
4476,211.0
4477,170.0
4478,184.0
4479,198.0
4480,238.0
4481,243.0
4482,183.0
4483,223.0
4484,201.0
4485,207.0
4486,173.0
4487,224.0
4488,196.0
4489,207.0
4490,208.0
4491,171.0
4492,211.0
4493,215.0
4494,248.0
4495,235.0
4496,169.0
4497,196.0
4498,162.0
4499,231.0
4500,192.0
4501,196.0
4502,185.0
4503,144.0
4504,224.0
4505,212.0
4506,223.0
4507,214.0
4508,229.0
4510,186.0
4511,213.0
4512,164.0
4513,245.0
4514,237.0
4515,182.0
4516,225.0
4517,225.0
4518,238.0
4519,196.0
4520,228.0
4521,198.0
4522,226.0
4523,201.0
4524,195.0
4525,195.0
4526,203.0
4527,182.0
4528,192.0
4529,195.0
4530,187.0
4531,207.0
4532,206.0
4533,217.0
4534,220.0
4535,210.0
4536,203.0
4537,233.0
4538,262.0
4540,191.0
4541,255.0
4542,217.0
4543,181.0
4544,213.0
4545,179.0
4546,203.0
4547,217.0
4548,191.0
4549,212.0
4550,218.0
4551,261.0
4553,215.0
4554,194.0
4555,171.0
4556,204.0
4557,224.0
4558,185.0
4559,194.0
4560,183.0
4561,223.0
4562,221.0
4563,163.0
4564,209.0
4565,217.0
4566,217.0
4567,194.0
4568,212.0
4569,227.0
4570,172.0
4572,203.0
4573,200.0
4574,220.0
4575,234.0
4576,244.0
4577,205.0
4578,189.0
4579,216.0
4580,215.0
4581,215.0
4582,217.0
4583,196.0
4585,201.0
4586,219.0
4587,193.0
4588,178.0
4589,221.0
4590,235.0
4591,186.0
4592,181.0
4593,204.0
4594,210.0
4595,241.0
4596,216.0
4597,240.0
4598,225.0
4599,204.0
4600,184.0
4602,259.0
4603,189.0
4604,221.0
4605,206.0
4606,189.0
4607,216.0
4608,238.0
4610,232.0
4611,193.0
4612,212.0
4613,193.0
4614,245.0
4615,189.0
4616,247.0
4617,203.0
4618,215.0
4619,213.0
4620,191.0
4621,212.0
4622,203.0
4623,190.0
4624,204.0
4625,193.0
4626,201.0
4627,231.0
4628,222.0
4629,210.0
4630,248.0
4631,213.0
4632,208.0
4633,193.0
4634,218.0
4635,204.0
4636,228.0
4637,193.0
4638,187.0
4639,217.0
4640,196.0
4641,217.0
4642,240.0
4643,198.0
4644,227.0
4645,164.0
4646,209.0
4647,229.0
4648,222.0
4649,220.0
4650,204.0
4651,203.0
4652,186.0
4653,174.0
4654,187.0
4655,234.0
4656,205.0
4657,177.0
4658,195.0
4659,197.0
4660,198.0
4661,214.0
4662,234.0
4663,224.0
4664,207.0
4665,201.0
4666,203.0
4667,205.0
4668,221.0
4669,196.0
4670,229.0
4671,199.0
4672,234.0
4673,231.0
4674,188.0
4675,215.0
4676,176.0
4677,230.0
4678,224.0
4679,195.0
4680,239.0
4681,204.0
4682,240.0
4683,204.0
4684,213.0
4685,208.0
4686,222.0
4687,251.0
4688,193.0
4689,189.0
4690,222.0
4691,224.0
4692,209.0
4693,204.0
4694,180.0
4695,230.0
4696,178.0
4697,184.0
4699,237.0
4700,209.0
4701,198.0
4702,215.0
4703,252.0
4704,193.0
4705,205.0
4706,197.0
4707,199.0
4708,184.0
4709,164.0
4710,222.0
4711,188.0
4713,229.0
4714,189.0
4715,246.0
4716,203.0
4717,230.0
4718,206.0
4719,227.0
4720,241.0
4721,195.0
4722,225.0
4723,220.0
4724,215.0
4725,178.0
4726,155.0
4727,200.0
4728,188.0
4729,215.0
4730,213.0
4732,195.0
4733,224.0
4734,212.0
4735,223.0
4736,218.0
4737,230.0
4738,178.0
4739,202.0
4740,221.0
4741,266.0
4742,222.0
4743,229.0
4744,201.0
4745,247.0
4746,220.0
4747,176.0
4748,204.0
4749,215.0
4750,184.0
4751,231.0
4752,236.0
4753,191.0
4754,187.0
4755,218.0
4756,211.0
4757,222.0
4758,201.0
4759,229.0
4760,194.0
4761,218.0
4762,217.0
4763,232.0
4764,224.0
4765,219.0
4766,214.0
4767,178.0
4768,199.0
4769,239.0
4770,200.0
4771,202.0
4772,217.0
4774,233.0
4775,212.0
4776,219.0
4777,238.0
4778,175.0
4779,196.0
4780,246.0
4781,194.0
4782,215.0
4783,214.0
4784,186.0
4785,202.0
4786,209.0
4787,216.0
4788,230.0
4789,202.0
4790,200.0
4791,200.0
4792,200.0
4793,208.0
4794,213.0
4795,232.0
4797,221.0
4798,191.0
4799,217.0
4800,216.0
4801,173.0
4802,242.0
4803,190.0
4804,194.0
4805,190.0
4806,183.0
4807,203.0
4808,231.0
4809,246.0
4810,207.0
4812,212.0
4813,215.0
4814,196.0
4815,204.0
4816,213.0
4817,230.0
4818,212.0
4819,251.0
4821,210.0
4822,177.0
4823,226.0
4824,221.0
4825,237.0
4826,205.0
4827,184.0
4828,190.0
4829,229.0
4830,172.0
4831,246.0
4832,192.0
4833,192.0
4834,218.0
4835,219.0
4836,218.0
4837,233.0
4838,237.0
4839,218.0
4840,184.0
4841,189.0
4842,192.0
4843,235.0
4844,200.0
4845,242.0
4846,209.0
4847,203.0
4848,209.0
4849,197.0
4850,226.0
4851,229.0
4852,234.0
4853,230.0
4854,193.0
4855,227.0
4856,194.0
4857,216.0
4858,224.0
4859,247.0
4860,227.0
4861,227.0
4862,193.0
4864,217.0
4865,225.0
4866,241.0
4867,179.0
4868,232.0
4869,186.0
4870,227.0
4871,187.0
4872,200.0
4873,206.0
4874,167.0
4875,208.0
4876,236.0
4877,249.0
4878,223.0
4879,251.0
4880,203.0
4881,193.0
4882,206.0
4883,214.0
4884,202.0
4885,235.0
4886,195.0
4887,194.0
4888,216.0
4889,220.0
4890,192.0
4891,200.0
4892,225.0
4893,224.0
4894,198.0
4895,195.0
4896,188.0
4897,199.0
4898,252.0
4899,234.0
4900,193.0
4901,221.0
4902,228.0
4903,204.0
4904,215.0
4905,224.0
4906,182.0
4907,195.0
4908,224.0
4909,228.0
4910,245.0
4911,187.0
4912,206.0
4913,213.0
4914,221.0
4915,202.0
4916,209.0
4917,249.0
4918,185.0
4919,199.0
4920,212.0
4921,240.0
4922,217.0
4923,206.0
4924,237.0
4925,217.0
4926,193.0
4927,217.0
4928,215.0
4929,207.0
4930,221.0
4931,228.0
4932,197.0
4933,248.0
4934,212.0
4935,236.0
4936,223.0
4937,192.0
4938,213.0
4939,221.0
4940,203.0
4941,216.0
4942,183.0
4943,206.0
4944,205.0
4945,221.0
4946,194.0
4947,223.0
4948,222.0
4949,195.0
4950,191.0
4951,219.0
4952,233.0
4953,203.0
4954,198.0
4955,257.0
4956,208.0
4957,185.0
4958,203.0
4959,250.0
4960,217.0
4961,201.0
4962,233.0
4964,225.0
4965,214.0
4966,206.0
4967,212.0
4968,209.0
4969,195.0
4970,219.0
4971,216.0
4972,218.0
4974,198.0
4975,208.0
4976,213.0
4977,212.0
4978,207.0
4979,241.0
4980,246.0
4981,192.0
4982,196.0
4983,192.0
4985,223.0
4986,214.0
4987,231.0
4988,229.0
4989,215.0
4990,216.0
4991,233.0
4992,228.0
4993,198.0
4994,200.0
4995,223.0
4996,219.0
4997,203.0
4998,247.0
4999,212.0
5000,207.0
5001,184.0
5002,198.0
5003,226.0
5004,188.0
5005,240.0
5006,226.0
5007,222.0
5008,217.0
5009,241.0
5010,221.0
5011,188.0
5012,215.0
5014,219.0
5015,220.0
5016,238.0
5017,235.0
5018,197.0
5019,281.0
5020,229.0
5021,198.0
5022,221.0
5023,201.0
5024,224.0
5025,206.0
5026,227.0
5027,222.0
5028,201.0
5029,200.0
5030,216.0
5031,241.0
5032,211.0
5033,188.0
5034,236.0
5035,213.0
5036,202.0
5037,214.0
5038,218.0
5039,213.0
5040,185.0
5041,222.0
5042,208.0
5043,218.0
5044,216.0
5045,237.0
5046,209.0
5047,228.0
5048,186.0
5050,192.0
5051,221.0
5052,188.0
5053,224.0
5054,220.0
5055,203.0
5056,238.0
5057,224.0
5058,238.0
5059,216.0
5060,196.0
5061,212.0
5062,208.0
5063,199.0
5064,189.0
5065,227.0
5066,206.0
5067,215.0
5068,249.0
5069,215.0
5070,218.0
5071,203.0
5072,196.0
5074,198.0
5075,204.0
5076,215.0
5077,197.0
5078,209.0
5079,183.0
5080,163.0
5081,228.0
5082,217.0
5083,228.0
5084,219.0
5086,275.0
5087,218.0
5088,227.0
5089,232.0
5090,223.0
5091,224.0
5092,223.0
5093,215.0
5094,249.0
5095,201.0
5096,194.0
5097,221.0
5098,221.0
5100,214.0
5101,200.0
5102,202.0
5103,217.0
5104,227.0
5105,223.0
5106,231.0
5107,207.0
5108,195.0
5109,229.0
5110,236.0
5111,228.0
5112,254.0
5113,212.0
5114,215.0
5115,219.0
5117,234.0
5118,192.0
5119,235.0
5120,216.0
5121,244.0
5122,226.0
5123,216.0
5124,206.0
5125,184.0
5126,204.0
5127,203.0
5128,215.0
5129,204.0
5130,209.0
5131,242.0
5132,216.0
5133,223.0
5134,191.0
5135,218.0
5136,213.0
5138,218.0
5139,199.0
5140,193.0
5141,224.0
5142,224.0
5143,254.0
5144,217.0
5145,211.0
5146,189.0
5147,195.0
5148,226.0
5149,186.0
5150,221.0
5151,186.0
5152,238.0
5153,175.0
5154,199.0
5155,207.0
5156,209.0
5157,223.0
5158,222.0
5160,228.0
5161,215.0
5162,216.0
5163,198.0
5164,249.0
5165,238.0
5166,194.0
5167,204.0
5168,181.0
5169,203.0
5170,232.0
5171,204.0
5172,216.0
5173,179.0
5174,207.0
5175,272.0
5176,208.0
5177,219.0
5178,191.0
5179,184.0
5180,203.0
5181,202.0
5182,217.0
5183,196.0
5184,228.0
5185,218.0
5186,194.0
5187,212.0
5188,197.0
5189,185.0
5190,225.0
5191,183.0
5192,227.0
5193,190.0
5194,232.0
5195,233.0
5196,213.0
5197,242.0
5198,215.0
5199,220.0
5200,195.0
5201,202.0
5202,223.0
5203,208.0
5204,195.0
5205,191.0
5206,209.0
5207,199.0
5208,201.0
5209,187.0
5210,181.0
5211,223.0
5212,223.0
5213,265.0
5214,204.0
5215,210.0
5217,199.0
5218,209.0
5219,207.0
5220,229.0
5221,209.0
5222,220.0
5224,214.0
5225,231.0
5226,212.0
5227,195.0
5228,242.0
5229,246.0
5230,187.0
5231,193.0
5232,193.0
5233,202.0
5234,217.0
5235,215.0
5236,219.0
5237,229.0
5238,230.0
5239,188.0
5240,204.0
5241,204.0
5242,204.0
5243,231.0
5244,218.0
5245,210.0
5246,222.0
5247,171.0
5248,233.0
5249,247.0
5250,258.0
5251,215.0
5252,236.0
5253,185.0
5254,223.0
5255,213.0
5256,209.0
5257,197.0
5259,181.0
5260,189.0
5261,218.0
5262,207.0
5264,194.0
5265,232.0
5266,222.0
5267,204.0
5268,202.0
5269,209.0
5270,201.0
5271,218.0
5272,184.0
5273,205.0
5274,252.0
5275,247.0
5276,198.0
5277,204.0
5278,197.0
5279,193.0
5280,197.0
5281,216.0
5282,220.0
5283,249.0
5284,197.0
5285,192.0
5286,180.0
5287,232.0
5288,229.0
5289,200.0
5290,234.0
5291,211.0
5292,224.0
5293,230.0
5294,206.0
5295,223.0
5296,235.0
5297,206.0
5298,178.0
5300,226.0
5301,224.0
5302,210.0
5303,177.0
5304,168.0
5305,221.0
5306,189.0
5307,180.0
5308,239.0
5309,175.0
5310,232.0
5311,208.0
5312,216.0
5313,219.0
5314,194.0
5315,174.0
5317,214.0
5318,231.0
5319,225.0
5320,193.0
5321,162.0
5322,210.0
5323,228.0
5324,240.0
5325,190.0
5326,212.0
5327,219.0
5328,210.0
5329,191.0
5330,181.0
5331,214.0
5332,209.0
5333,200.0
5334,204.0
5335,215.0
5336,207.0
5337,245.0
5338,219.0
5339,232.0
5340,204.0
5341,220.0
5342,207.0
5343,212.0
5344,195.0
5345,249.0
5346,207.0
5347,206.0
5348,221.0
5349,194.0
5350,199.0
5352,209.0
5353,193.0
5354,177.0
5355,183.0
5356,242.0
5357,209.0
5358,212.0
5359,239.0
5360,219.0
5361,211.0
5362,214.0
5363,209.0
5364,204.0
5365,224.0
5367,185.0
5368,205.0
5369,187.0
5370,250.0
5371,217.0
5372,224.0
5373,214.0
5374,224.0
5375,242.0
5376,249.0
5377,197.0
5378,202.0
5379,237.0
5380,242.0
5381,180.0
5382,212.0
5383,204.0
5384,199.0
5385,220.0
5386,226.0
5387,205.0
5388,200.0
5389,262.0
5390,201.0
5391,178.0
5392,203.0
5393,183.0
5394,204.0
5395,181.0
5396,177.0
5397,243.0
5398,208.0
5399,186.0
5400,207.0
5401,226.0
5402,193.0
5403,219.0
5404,229.0
5405,227.0
5406,235.0
5407,203.0
5408,207.0
5409,239.0
5410,193.0
5411,220.0
5412,191.0
5413,194.0
5414,208.0
5415,216.0
5416,192.0
5417,179.0
5418,223.0
5420,224.0
5421,233.0
5422,236.0
5423,227.0
5424,205.0
5425,189.0
5426,192.0
5427,213.0
5428,206.0
5429,195.0
5430,211.0
5431,183.0
5432,232.0
5433,210.0
5434,240.0
5435,247.0
5436,173.0
5437,265.0
5438,254.0
5439,211.0
5440,229.0
5441,214.0
5442,227.0
5443,204.0
5444,214.0
5445,239.0
5446,212.0
5447,218.0
5448,219.0
5449,224.0
5450,228.0
5451,198.0
5452,265.0
5453,191.0
5454,189.0
5455,259.0
5456,185.0
5457,184.0
5458,193.0
5459,229.0
5460,205.0
5461,211.0
5462,207.0
5463,214.0
5464,203.0
5465,231.0
5466,197.0
5467,239.0
5468,193.0
5469,209.0
5470,222.0
5471,192.0
5472,203.0
5473,214.0
5474,191.0
5475,228.0
5476,223.0
5477,192.0
5478,189.0
5479,219.0
5480,190.0
5481,233.0
5482,213.0
5483,235.0
5484,224.0
5485,239.0
5486,172.0
5487,187.0
5489,209.0
5490,251.0
5491,211.0
5492,219.0
5493,193.0
5494,207.0
5495,235.0
5496,263.0
5497,219.0
5498,197.0
5499,206.0
5500,204.0
5501,245.0
5502,168.0
5503,231.0
5504,197.0
5505,179.0
5506,200.0
5507,204.0
5508,198.0
5509,233.0
5511,215.0
5512,213.0
5513,191.0
5514,216.0
5515,194.0
5516,173.0
5517,192.0
5518,204.0
5519,231.0
5520,275.0
5521,170.0
5522,202.0
5523,246.0
5524,177.0
5525,173.0
5526,192.0
5527,254.0
5528,191.0
5529,227.0
5530,182.0
5531,186.0
5532,179.0
5533,196.0
5534,198.0
5535,210.0
5536,193.0
5537,199.0
5538,188.0
5539,215.0
5540,207.0
5541,178.0
5542,207.0
5543,235.0
5544,193.0
5545,176.0
5546,229.0
5547,190.0
5548,197.0
5549,192.0
5550,188.0
5551,182.0
5553,233.0
5554,198.0
5555,178.0
5556,201.0
5557,215.0
5558,200.0
5559,201.0
5560,202.0
5561,202.0
5562,180.0
5563,180.0
5564,211.0
5565,216.0
5566,202.0
5567,210.0
5568,223.0
5569,177.0
5570,236.0
5571,191.0
5572,179.0
5573,192.0
5574,226.0
5575,213.0
5576,195.0
5577,205.0
5578,180.0
5579,202.0
5580,197.0
5581,208.0
5582,168.0
5583,198.0
5584,172.0
5585,194.0
5586,227.0
5587,223.0
5588,224.0
5589,212.0
5590,204.0
5591,181.0
5592,199.0
5593,194.0
5594,232.0
5595,189.0
5596,182.0
5597,199.0
5598,225.0
5599,220.0
5600,226.0
5601,204.0
5602,193.0
5603,188.0
5605,205.0
5606,204.0
5607,184.0
5608,200.0
5609,222.0
5610,214.0
5611,193.0
5612,183.0
5613,245.0
5615,199.0
5616,199.0
5617,172.0
5618,205.0
5619,210.0
5620,201.0
5621,174.0
5622,187.0
5623,195.0
5624,220.0
5625,181.0
5626,206.0
5627,208.0
5628,213.0
5629,186.0
5630,175.0
5631,207.0
5632,193.0
5633,200.0
5634,182.0
5635,220.0
5636,182.0
5637,185.0
5638,208.0
5639,191.0
5640,206.0
5641,236.0
5642,178.0
5643,221.0
5644,173.0
5645,178.0
5646,203.0
5647,225.0
5648,194.0
5649,213.0
5650,196.0
5651,201.0
5652,200.0
5653,208.0
5654,227.0
5655,211.0
5656,213.0
5657,205.0
5658,197.0
5659,200.0
5660,207.0
5661,182.0
5662,215.0
5663,225.0
5664,215.0
5665,201.0
5666,195.0
5667,221.0
5668,200.0
5669,193.0
5670,180.0
5671,182.0
5672,194.0
5673,183.0
5675,206.0
5676,192.0
5677,209.0
5678,209.0
5679,187.0
5680,188.0
5681,174.0
5682,212.0
5683,223.0
5684,200.0
5685,238.0
5686,231.0
5687,249.0
5688,220.0
5689,173.0
5690,197.0
5691,195.0
5692,182.0
5693,200.0
5694,218.0
5696,188.0
5697,206.0
5698,181.0
5699,229.0
5700,164.0
5701,188.0
5702,185.0
5703,195.0
5704,247.0
5705,194.0
5706,209.0
5707,191.0
5708,234.0
5709,171.0
5710,202.0
5711,189.0
5712,185.0
5713,171.0
5714,230.0
5715,196.0
5716,217.0
5717,175.0
5718,190.0
5719,204.0
5720,251.0
5721,192.0
5722,178.0
5723,173.0
5724,221.0
5725,204.0
5726,196.0
5727,188.0
5728,166.0
5729,170.0
5730,169.0
5731,210.0
5732,176.0
5733,227.0
5734,201.0
5735,209.0
5736,206.0
5737,181.0
5738,221.0
5739,200.0
5740,166.0
5741,210.0
5742,209.0
5743,185.0
5744,182.0
5745,189.0
5746,217.0
5747,194.0
5748,227.0
5749,182.0
5750,215.0
5751,189.0
5752,249.0
5753,209.0
5754,186.0
5755,165.0
5756,212.0
5757,186.0
5758,192.0
5759,234.0
5760,211.0
5761,211.0
5762,197.0
5763,187.0
5764,196.0
5765,197.0
5766,222.0
5767,199.0
5768,215.0
5769,198.0
5770,233.0
5771,183.0
5772,197.0
5773,212.0
5774,213.0
5775,213.0
5776,221.0
5777,241.0
5778,212.0
5779,202.0
5780,188.0
5781,193.0
5782,220.0
5783,188.0
5784,204.0
5785,217.0
5786,178.0
5788,204.0
5789,201.0
5790,187.0
5791,195.0
5792,215.0
5793,205.0
5794,159.0
5795,254.0
5796,213.0
5797,220.0
5798,205.0
5799,180.0
5800,193.0
5801,185.0
5803,245.0
5804,211.0
5805,191.0
5806,191.0
5807,212.0
5808,191.0
5810,201.0
5811,196.0
5812,243.0
5813,219.0
5814,179.0
5815,222.0
5816,212.0
5817,187.0
5818,202.0
5819,202.0
5820,196.0
5821,173.0
5822,184.0
5823,181.0
5825,191.0
5826,192.0
5827,225.0
5828,214.0
5829,223.0
5830,203.0
5831,222.0
5832,197.0
5833,202.0
5834,209.0
5835,172.0
5836,188.0
5837,187.0
5838,211.0
5839,198.0
5840,222.0
5842,196.0
5843,207.0
5844,206.0
5845,199.0
5846,166.0
5847,208.0
5848,212.0
5849,204.0
5850,233.0
5851,202.0
5852,183.0
5853,235.0
5854,231.0
5855,188.0
5856,209.0
5857,196.0
5858,211.0
5859,209.0
5860,198.0
5861,208.0
5862,204.0
5863,194.0
5864,210.0
5865,291.0
5866,185.0
5867,233.0
5868,201.0
5869,202.0
5870,194.0
5871,196.0
5872,204.0
5873,192.0
5875,185.0
5877,180.0
5878,198.0
5879,196.0
5880,210.0
5881,185.0
5882,194.0
5883,255.0
5884,225.0
5885,203.0
5886,196.0
5887,198.0
5888,203.0
5889,212.0
5890,207.0
5891,197.0
5892,206.0
5893,198.0
5894,199.0
5895,212.0
5896,218.0
5897,185.0
5898,194.0
5899,202.0
5900,207.0
5901,237.0
5902,191.0
5903,175.0
5904,188.0
5905,214.0
5906,205.0
5907,213.0
5908,191.0
5909,204.0
5910,205.0
5911,200.0
5912,191.0
5913,172.0
5914,172.0
5916,182.0
5917,201.0
5918,215.0
5919,207.0
5920,190.0
5921,229.0
5922,192.0
5923,201.0
5924,190.0
5925,218.0
5926,209.0
5927,215.0
5928,181.0
5929,187.0
5931,191.0
5932,208.0
5933,234.0
5934,192.0
5935,206.0
5936,201.0
5937,196.0
5938,225.0
5939,180.0
5940,216.0
5941,193.0
5942,198.0
5943,196.0
5944,186.0
5946,180.0
5947,236.0
5948,189.0
5949,204.0
5950,254.0
5951,216.0
5953,202.0
5954,205.0
5955,174.0
5956,193.0
5957,213.0
5958,215.0
5959,191.0
5960,185.0
5961,205.0
5962,224.0
5963,236.0
5965,216.0
5966,205.0
5967,189.0
5968,177.0
5969,188.0
5970,198.0
5971,194.0
5972,197.0
5973,199.0
5974,183.0
5975,203.0
5976,219.0
5977,176.0
5978,180.0
5979,261.0
5980,224.0
5981,179.0
5982,218.0
5983,174.0
5984,208.0
5985,228.0
5986,172.0
5987,197.0
5988,222.0
5989,204.0
5990,212.0
5991,203.0
5992,221.0
5993,220.0
5994,208.0
5995,169.0
5996,184.0
5997,208.0
5998,223.0
5999,233.0
6000,197.0
6001,193.0
6002,165.0
6003,188.0
6004,152.0
6005,191.0
6006,206.0
6007,181.0
6008,213.0
6010,221.0
6011,236.0
6012,193.0
6013,197.0
6014,224.0
6015,233.0
6016,160.0
6017,230.0
6018,175.0
6019,191.0
6020,224.0
6021,177.0
6022,198.0
6023,236.0
6024,199.0
6025,185.0
6026,225.0
6027,192.0
6028,204.0
6029,203.0
6030,244.0
6031,181.0
6032,187.0
6033,210.0
6034,160.0
6035,199.0
6036,180.0
6037,188.0
6038,180.0
6039,225.0
6040,185.0
6041,214.0
6042,214.0
6043,217.0
6044,208.0
6045,213.0
6046,186.0
6047,198.0
6048,207.0
6049,197.0
6050,234.0
6051,197.0
6052,214.0
6053,191.0
6054,222.0
6055,211.0
6056,197.0
6057,184.0
6058,206.0
6059,207.0
6060,214.0
6061,204.0
6062,209.0
6063,226.0
6064,194.0
6065,204.0
6066,220.0
6067,220.0
6068,160.0
6069,193.0
6070,168.0
6071,222.0
6072,209.0
6073,216.0
6074,206.0
6075,200.0
6076,197.0
6077,208.0
6078,198.0
6079,203.0
6080,191.0
6081,236.0
6082,255.0
6083,207.0
6084,204.0
6085,173.0
6086,195.0
6087,179.0
6088,243.0
6089,230.0
6090,231.0
6091,212.0
6092,200.0
6093,232.0
6094,212.0
6095,206.0
6096,214.0
6097,170.0
6098,213.0
6099,191.0
6100,169.0
6101,219.0
6102,200.0
6103,237.0
6104,205.0
6105,229.0
6106,204.0
6107,183.0
6108,202.0
6109,224.0
6110,193.0
6112,203.0
6113,214.0
6114,206.0
6115,179.0
6116,211.0
6117,194.0
6118,215.0
6119,232.0
6120,200.0
6121,203.0
6123,236.0
6124,182.0
6125,181.0
6126,179.0
6127,205.0
6128,207.0
6129,215.0
6130,193.0
6131,224.0
6132,205.0
6133,222.0
6134,219.0
6135,204.0
6137,173.0
6138,221.0
6139,224.0
6140,210.0
6141,210.0
6142,223.0
6143,257.0
6144,187.0
6145,207.0
6146,200.0
6148,182.0
6149,207.0
6150,250.0
6151,216.0
6152,209.0
6153,195.0
6155,214.0
6156,208.0
6157,207.0
6158,234.0
6159,249.0
6160,229.0
6161,175.0
6162,203.0
6163,205.0
6164,186.0
6165,219.0
6166,196.0
6167,230.0
6168,207.0
6169,170.0
6170,220.0
6171,210.0
6172,186.0
6173,224.0
6174,200.0
6175,193.0
6176,220.0
6177,245.0
6178,214.0
6179,238.0
6180,208.0
6181,213.0
6182,218.0
6183,169.0
6184,183.0
6185,192.0
6186,211.0
6187,233.0
6188,189.0
6189,209.0
6190,205.0
6191,205.0
6192,217.0
6193,205.0
6194,212.0
6195,215.0
6196,199.0
6197,201.0
6198,217.0
6199,234.0
6200,186.0
6201,201.0
6202,202.0
6203,197.0
6204,214.0
6205,203.0
6206,183.0
6207,231.0
6208,210.0
6209,209.0
6210,207.0
6211,166.0
6212,255.0
6213,216.0
6214,195.0
6215,216.0
6216,213.0
6217,198.0
6218,247.0
6219,193.0
6220,207.0
6221,206.0
6222,225.0
6223,176.0
6225,165.0
6226,200.0
6227,212.0
6228,183.0
6229,224.0
6230,175.0
6231,216.0
6232,224.0
6233,217.0
6234,201.0
6235,187.0
6236,208.0
6237,247.0
6239,197.0
6240,190.0
6241,227.0
6242,209.0
6243,199.0
6244,220.0
6245,192.0
6246,176.0
6247,218.0
6248,218.0
6250,228.0
6251,240.0
6252,233.0
6253,220.0
6254,223.0
6255,219.0
6257,199.0
6258,203.0
6259,231.0
6260,195.0
6261,212.0
6262,229.0
6263,196.0
6264,194.0
6265,224.0
6266,216.0
6267,219.0
6268,191.0
6269,216.0
6270,201.0
6271,192.0
6272,226.0
6273,207.0
6274,222.0
6275,232.0
6276,213.0
6277,193.0
6278,235.0
6279,199.0
6280,214.0
6281,216.0
6282,242.0
6283,226.0
6284,204.0
6285,184.0
6286,226.0
6287,208.0
6288,198.0
6289,200.0
6290,241.0
6291,232.0
6292,222.0
6293,217.0
6294,207.0
6295,207.0
6296,229.0
6297,226.0
6298,183.0
6299,194.0
6300,184.0
6301,194.0
6302,209.0
6303,246.0
6304,217.0
6305,224.0
6306,239.0
6307,216.0
6308,231.0
6309,198.0
6310,213.0
6311,217.0
6312,219.0
6313,202.0
6314,213.0
6315,247.0
6316,230.0
6317,200.0
6318,219.0
6319,219.0
6320,242.0
6321,244.0
6322,222.0
6323,224.0
6324,174.0
6325,191.0
6326,238.0
6327,191.0
6328,207.0
6329,203.0
6330,197.0
6332,196.0
6333,190.0
6334,198.0
6335,198.0
6336,193.0
6337,222.0
6338,239.0
6339,217.0
6340,194.0
6341,163.0
6342,229.0
6343,215.0
6344,213.0
6345,179.0
6346,246.0
6347,212.0
6348,195.0
6349,196.0
6350,199.0
6351,249.0
6352,247.0
6353,224.0
6354,218.0
6355,229.0
6356,214.0
6357,208.0
6358,240.0
6359,189.0
6360,209.0
6361,224.0
6362,195.0
6363,202.0
6364,203.0
6365,202.0
6366,191.0
6367,218.0
6368,178.0
6369,198.0
6370,205.0
6371,227.0
6372,200.0
6373,180.0
6374,209.0
6375,209.0
6376,191.0
6377,241.0
6378,183.0
6379,182.0
6380,217.0
6381,186.0
6382,214.0
6383,232.0
6384,208.0
6385,223.0
6386,250.0
6387,200.0
6388,191.0
6389,198.0
6390,199.0
6391,230.0
6392,226.0
6393,207.0
6394,209.0
6395,201.0
6396,200.0
6397,220.0
6398,211.0
6399,190.0
6400,209.0
6402,232.0
6403,190.0
6404,227.0
6405,204.0
6406,205.0
6407,207.0
6408,225.0
6409,203.0
6410,175.0
6411,212.0
6412,235.0
6413,198.0
6414,209.0
6415,222.0
6417,222.0
6418,225.0
6419,231.0
6420,214.0
6421,228.0
6422,210.0
6423,200.0
6424,200.0
6425,221.0
6426,214.0
6427,240.0
6428,235.0
6429,195.0
6430,184.0
6431,207.0
6432,207.0
6433,178.0
6434,234.0
6435,217.0
6436,216.0
6437,239.0
6438,195.0
6439,236.0
6440,205.0
6441,178.0
6442,216.0
6443,179.0
6444,209.0
6445,177.0
6446,207.0
6447,203.0
6448,232.0
6449,211.0
6450,243.0
6451,222.0
6452,211.0
6453,216.0
6454,179.0
6455,205.0
6456,245.0
6457,201.0
6458,204.0
6459,196.0
6460,226.0
6462,239.0
6463,206.0
6464,197.0
6465,232.0
6466,206.0
6468,222.0
6469,231.0
6470,213.0
6471,214.0
6472,220.0
6473,195.0
6474,215.0
6475,182.0
6476,193.0
6477,228.0
6478,172.0
6479,242.0
6480,223.0
6481,227.0
6482,185.0
6483,229.0
6484,212.0
6485,208.0
6486,196.0
6487,206.0
6488,194.0
6489,177.0
6490,218.0
6491,226.0
6493,223.0
6494,166.0
6495,188.0
6496,252.0
6497,179.0
6499,168.0
6500,225.0
6501,205.0
6502,219.0
6503,203.0
6504,179.0
6505,211.0
6506,215.0
6507,183.0
6508,166.0
6509,213.0
6510,200.0
6511,205.0
6512,207.0
6513,212.0
6514,218.0
6515,170.0
6516,222.0
6517,217.0
6518,207.0
6519,220.0
6521,176.0
6522,217.0
6523,226.0
6524,212.0
6525,200.0
6526,223.0
6527,199.0
6528,176.0
6529,200.0
6530,204.0
6531,191.0
6532,217.0
6533,248.0
6534,221.0
6535,221.0
6536,205.0
6537,210.0
6538,214.0
6539,261.0
6540,230.0
6541,207.0
6542,206.0
6543,177.0
6544,206.0
6545,200.0
6546,203.0
6547,200.0
6548,201.0
6549,213.0
6550,222.0
6551,205.0
6552,189.0
6553,244.0
6554,202.0
6555,185.0
6556,188.0
6557,209.0
6558,237.0
6559,190.0
6560,198.0
6561,219.0
6562,198.0
6563,206.0
6564,170.0
6565,196.0
6566,194.0
6567,244.0
6568,185.0
6569,180.0
6570,202.0
6571,214.0
6572,199.0
6574,231.0
6575,192.0
6576,202.0
6577,199.0
6578,194.0
6579,203.0
6580,208.0
6581,196.0
6583,225.0
6584,218.0
6585,191.0
6586,187.0
6587,215.0
6588,194.0
6589,223.0
6590,196.0
6591,205.0
6592,218.0
6593,183.0
6594,184.0
6595,221.0
6596,217.0
6597,203.0
6598,197.0
6599,193.0
6600,215.0
6601,247.0
6602,228.0
6603,207.0
6604,200.0
6605,166.0
6606,179.0
6607,226.0
6608,187.0
6609,193.0
6610,226.0
6611,241.0
6612,200.0
6613,196.0
6614,189.0
6615,200.0
6616,222.0
6617,186.0
6618,174.0
6619,201.0
6620,174.0
6621,232.0
6623,208.0
6624,212.0
6625,235.0
6626,224.0
6627,182.0
6628,213.0
6629,239.0
6630,204.0
6631,202.0
6632,233.0
6633,212.0
6634,196.0
6635,200.0
6636,211.0
6637,212.0
6638,221.0
6639,211.0
6640,209.0
6642,225.0
6643,207.0
6644,199.0
6645,221.0
6646,211.0
6647,226.0
6648,184.0
6649,240.0
6650,234.0
6651,214.0
6652,182.0
6653,217.0
6654,178.0
6655,211.0
6656,214.0
6657,231.0
6658,203.0
6659,234.0
6660,237.0
6661,191.0
6662,205.0
6663,206.0
6664,193.0
6665,192.0
6666,192.0
6667,200.0
6668,220.0
6670,198.0
6671,240.0
6672,235.0
6673,198.0
6674,215.0
6675,220.0
6676,217.0
6677,223.0
6678,211.0
6679,269.0
6680,179.0
6681,196.0
6682,193.0
6683,185.0
6684,239.0
6685,232.0
6686,198.0
6687,206.0
6688,204.0
6689,239.0
6690,214.0
6691,218.0
6692,226.0
6693,226.0
6694,194.0
6695,269.0
6696,186.0
6697,228.0
6698,197.0
6699,205.0
6700,219.0
6701,222.0
6702,211.0
6703,204.0
6704,246.0
6705,232.0
6706,223.0
6707,199.0
6708,221.0
6709,201.0
6710,238.0
6711,231.0
6712,217.0
6713,212.0
6714,218.0
6715,207.0
6716,203.0
6717,205.0
6718,213.0
6719,212.0
6720,233.0
6721,203.0
6722,181.0
6723,214.0
6724,213.0
6725,222.0
6727,219.0
6728,206.0
6729,213.0
6730,185.0
6731,191.0
6732,232.0
6733,195.0
6734,184.0
6735,240.0
6736,216.0
6737,193.0
6738,227.0
6739,208.0
6740,238.0
6741,204.0
6742,180.0
6743,202.0
6744,229.0
6745,242.0
6746,223.0
6747,249.0
6748,203.0
6749,212.0
6750,217.0
6751,216.0
